台北,2734
推薦,1113
好吃,1073
咖啡,934
中正,923
公館,678
車站,638
餐廳,534
美味,472
料理,470
牛肉,467
日式,333
平價,316
吃到飽,302
南機場,296
午餐,293
排隊,290
小吃,289
米其林,287
甜點,271
新生,264
忠孝,263
市場,262
日本,259
紀念堂,256
捷運,256
夜市,230
火鍋,228
蛋糕,220
排骨,214
吐司,213
口味,212
菜單,209
味道,204
東門,202
牛排,197
手工,196
咖哩,196
早餐,183
真的,181
份量,180
老店,179
下午茶,177
古亭,176
CP值,171
麻辣,164
商圈,164
餐點,159
北車,159
巷弄,156
人氣,153
台大,153
泰式,152
飲料,152
豬排,151
用餐,144
西門,143
雙月,142
聚餐,139
台灣,137
喜來,135
套餐,134
湯頭,132
專賣店,132
華山,130
超人,129
必比登,129
品社,128
水餃,127
蛋餅,124
不限時,120
選擇,117
起司,117
雞湯,112
不錯,110
韓式,110
善導,109
便宜,109
雞肉,108
港式,108
奇朵,105
風味,104
捷運公館,103
口感,102
瓦法,101
必吃,98
濃郁,98
北美,98
銅板,97
美食,95
壽司,95
台北市,94
喜歡,94
附近,94
好喝,94
芋頭,94
豆花,93
00,93
環境,92
大利,91
冰淇淋,90
必點,89
外帶,89
咖啡店,89
健康,89
臭豆腐,89
捷運站,88
名店,88
特色,88
滋味,87
導寺,86
日本料理,86
一個,84
起來,84
不會,83
限定,81
新鮮,80
價格,80
招牌,79
搭配,79
南門,78
杭豆漿,78
北門,78
養生,77
--,77
微風,77
草莓,77
小菜,76
時間,76
永康,76
值得,73
覺得,73
捷運善,73
前店,73
燒肉,73
老字號,72
雞排,72
30,71
商行,71
傳統,70
Cafe,70
美式,70
添好,70
滿滿,69
創意,69
甜品,69
服務,68
海鮮,68
福州,68
便當,67
米粉,67
一次,67
適合,67
魯肉,66
店家,66
鍋物,66
善導寺,66
鰻魚,66
手作,66
川菜,65
生活,65
品牌,64
40,64
一碗,63
一起,63
特別,63
有點,63
一定,62
酥脆,62
限量,62
不用,62
轉壽司,62
普通,61
空間,61
早味,60
文青,60
超級,60
很多,59
免費,59
朋友,58
台式,58
大王,58
經典,58
牛奶,58
醫院,57
沙拉,57
清爽,57
完整,55
豆漿,55
第一,55
20,55
知道,54
不是,54
肉桂,54
燒餅,54
烤肉,54
小孩,54
漢堡,54
三明治,54
一下,54
登大飯,54
前屋,54
自助,53
地方,53
優惠,53
冰品,53
啤酒,53
一樣,52
超高,52
超值,52
上海,52
50,52
附菜,52
隱藏,52
義式,52
不到,51
姊姊,51
cp,51
滿足,51
水源,51
奶茶,51
世界,50
人潮,50
新幕,50
隱身,50
餐館,50
學生,50
營業,49
出口,49
菜色,49
點心,49
裡的,48
打卡,48
大公,48
刀削,48
金子,48
客人,47
區美,47
小店,47
友善,47
魚湯,47
十二,47
香腸,47
完全,46
划算,46
這家,46
城中,46
插座,46
單價位,46
專門店,46
森林,46
紅燒,46
貳樓,46
一送,46
半之助,46
舒適,45
奶油,45
裝潢,45
最大,44
10,44
首選,44
老宅,44
IG,44
得到,44
韓國,44
還不錯,44
今天,44
不過,44
雪花,44
隱藏版,44
爆漿,43
提供,43
番茄,43
Coffee,43
餃子館,43
錯過,42
寵物,42
酒吧,42
周邊,42
紅茶,42
廚房,42
刨冰,42
香港,42
辣椒,41
價位,41
割包,41
油飯,41
一星,41
豆腐,40
香氣,40
一口,40
特有,40
捷運古亭,39
平日,39
氣氛,39
巧之味,39
再訪,39
冰店,39
烘焙,39
餐酒館,39
正宗,39
法式,39
花園,39
實在,38
東西,38
古早,38
MENU,38
百元,38
風格,38
創園區,38
自助餐,38
千層,38
金峰,37
多多,37
豐富,37
地瓜,37
土司,37
串燒,37
很棒,37
甜甜,37
吉豚,37
白飯,36
食物,36
令人,36
用心,36
北海道,36
聚會,36
超大,36
光華商場,36
一家,36
甜不辣,36
華山文,36
內用,36
親子,36
總店,36
黑白,36
二訪,36
興波,36
懷舊,36
一點,35
一般,35
幸福,35
中式,35
60,35
酸菜,35
炸雞,35
山內,35
肉品,35
大安,35
燒臘,35
西式,35
雞飯,35
新加坡,35
金雞母,35
之一,34
入口,34
吃過,34
小南門,34
湯底,34
不能,34
美好,34
系列,34
訂位,34
一杯,34
多汁,34
連鎖,34
巧克力,34
黑糖,34
水果,34
酒館,34
蕃茄,34
中山,34
司康,34
服務態度,33
南路,33
十足,33
老屋,33
頂級,33
悄悄,33
平安,33
凱撒大飯,33
厲害,32
包子,32
小館,32
集團,32
晚餐,32
簡單,32
太陽,32
劉山東,32
酸辣,31
脆皮,31
白肉,31
同安,31
飲品,31
他方,31
小時,31
喜燒,31
乳酪,31
東雛菊,31
入味,30
小吃店,30
整體,30
捷運小南門,30
青島,30
杭州,30
捷運西門,30
大三元,30
看到,30
生意,30
號店,30
江浙,30
超過,30
大碗,30
建中,30
腳飯,30
Checkers,30
態度,29
飯店,29
餛飩,29
店面,29
原味,29
花生,29
鄉村,29
檸檬,29
雙月品,29
南昌,29
人生,29
失望,29
居酒,29
涮鍋,29
港點,29
文慶雞,29
湯圓,29
肉圓,29
Jingimoo,29
湯品,28
店員,28
中午,28
食材,28
元起,28
時光,28
豬肉,28
使用,28
第一名,28
南店,28
各式,28
軟嫩,28
藍家,28
大腸,28
必吃美,28
焦糖,28
一份,28
高麗菜,28
名古屋,28
芒果,28
座位,28
湯包,28
文中,28
海南,28
合歡,28
龍門,28
客棧,28
翡冷翠,28
唯一,27
知名,27
第一次,27
老牌,27
加上,27
70,27
全新,27
最佳,27
浪漫,27
近捷,27
只是,27
通通,27
南陽街,27
主題,27
服務費,27
簡餐,27
80,27
鄭豬,27
香色,27
屋輝,27
親切,26
每天,26
公園,26
質感,26
只賣,26
15,26
品嚐,26
布丁,26
配菜,26
本店,26
除了,26
先生,26
傻瓜,26
家常,26
鮭魚,26
小籠,26
東一,26
大嗑,26
四川,26
清燉,26
丘比,26
佐藤,26
高三,26
整個,25
玩家,25
介紹,25
組合,25
這間,25
旗艦店,25
CAFE,25
外皮,25
專賣,25
美餐,25
預約,25
評價,25
方便,25
現烤,25
虱目,25
推出,25
下次,25
茶千層,25
百年,25
車店,25
自家,25
泡菜,25
川味,25
電影,25
藏壽司,25
肉店,25
京茶,25
矢場,25
回味,24
東坡,24
肉質,24
控必,24
天然,24
竟然,24
Caf,24
主打,24
地址,24
連續,24
汀州,24
用料,24
忠青,24
台南,24
大戶,24
中庭,24
網路,24
不膩,24
紫米,24
西餐,24
每次,24
大酒店,24
欣葉,24
一番,24
位子,23
100,23
需要,23
電話,23
蔬菜,23
濟南店,23
上班族,23
旁邊,23
2022,23
外送,23
其實,23
假日,23
店內,23
二樓,23
光華,23
低調,23
粉圓,23
米糕,23
MKCR,23
大阪,23
孝碳,23
週邊,22
一間,22
蛤蜊,22
感受,22
不要,22
點了,22
建議,22
飄香,22
韭菜,22
爽口,22
02,22
街美,22
商業,22
很大,22
鐵板,22
肉蛋,22
夏天,22
舒服,22
大人,22
厚切,22
芝麻,22
火車,22
以上,22
提拉,22
多種,22
可惜,22
XD,22
媽媽,22
清新,22
壽喜燒,22
HOYII,22
彰化,22
akiba,22
赤雞,22
價錢,21
水準,21
現在,21
新品,21
夏日,21
氛圍,21
一顆,21
充滿,21
以馬,21
直接,21
空客,21
溫馨,21
無名,21
文青風,21
平價美,21
超多,21
cafe,21
魚飯,21
微風北,21
石頭,21
實料,21
大塊,21
泉州街,21
生魚,21
SUKHOTHAI,21
紅豆,21
果汁,21
羊肉,21
飲茶,21
排餐,21
衡陽店,21
炒飯,21
清真,21
合作社,21
體驗,20
香味,20
排長,20
旗下,20
生日,20
海陸,20
運站,20
餡料,20
每日,20
無限,20
剛好,20
汀洲,20
內有,20
炭火,20
完美,20
點餐,20
天使,20
小巷,20
更是,20
超好,20
真材,20
鴉片,20
酒樓,20
珍珠,20
實驗室,20
骨拉,20
可蜜達,20
幸紅茶,20
肉羹,19
那種,19
氣排,19
月亮,19
蝦餅,19
90,19
綿密,19
香酥,19
鄰近,19
風情,19
配料,19
速度,19
巷子,19
挑戰,19
客樓,19
年老,19
五星,19
五花,19
北平,19
裡面,19
下午,19
2020,19
青島店,19
最愛的,19
機場,19
鮮嫩,19
牛小排,19
巨無霸,19
多樣,19
buffet,19
Buffet,19
12,19
辰園,19
生魚片,19
小確,19
披薩,19
赤神,19
蛋要,19
水牛城,19
精釀,19
茶餐,19
TUTTOFresco,19
偷吃,19
七十二,19
熱門,18
服務人員,18
時候,18
就算,18
好像,18
這邊,18
宵夜,18
眷村,18
一段,18
夏威夷,18
過癮,18
迷人,18
CP,18
原來,18
coffee,18
明星,18
消暑,18
依舊,18
蝦仁飯,18
歷史,18
味蕾,18
絕對,18
麻油,18
晚上,18
一號,18
私廚,18
自然,18
餐盒,18
一甲子,18
WIFI,18
抄手,18
Waffogato,18
泰國小館,18
小日子,18
結果,17
泰國,17
鮮甜,17
主餐,17
200,17
濃厚,17
不同,17
寧波,17
還好,17
蘋果,17
玉米,17
早澤,17
內利鮮,17
乾淨,17
雙人,17
鴨血,17
YumYum,17
家庭,17
下去,17
一試,17
單點,17
龍潭,17
文末,17
艦店,17
回憶,17
餐盤,17
台電大樓,17
同心,17
牧場,17
順口,17
酥皮,17
冬季,17
供應,17
現蒸,17
烤火,17
東京,17
客家,17
辛殿,17
位置,17
補習,17
德立莊,17
越南,17
豬腳,17
wifi,17
地壽,17
晴天,17
燒包,17
蘭花亭,17
NUKICoffee,17
溜滑梯,17
消費,16
超夯,16
香濃,16
小火,16
在家,16
上桌,16
菠蘿,16
喝咖啡,16
咖喱,16
試試,16
深夜,16
Bar,16
無法,16
口吃,16
薯條,16
新菜,16
最高,16
館美,16
南海,16
傳承,16
誇張,16
活動,16
季節,16
每個,16
炸豬,16
約會,16
紅蝦,16
烏龍,16
99,16
無限續,16
當店,16
禮盒,16
實惠,16
頤軒,16
無菜,16
玫瑰,16
鐵板燒,16
歐式,16
鑫耀鑫,16
雪王,16
極匠,16
Mr,16
銀座,16
慢工,16
奧蘿茉,16
西螺,16
捷運美,15
清淡,15
問題,15
登場,15
冰火,15
一小,15
發現,15
等待,15
干貝水,15
驚喜,15
立法院,15
冬天,15
一吃,15
偏高,15
五花肉,15
刈包,15
多年,15
字號,15
一種,15
濟南,15
生菜,15
不行,15
魔法,15
推推,15
2019,15
驚艷,15
搶鍋,15
蜂蜜,15
瓦崎燒,15
龍蝦,15
登台,15
阿姨,15
期間,15
合掌,15
師傅,15
私房,15
皇家,15
京都,15
呼點,15
車輪餅,15
炸物,15
華山店,15
鷹流,15
東京豚,15
昆布,15
HeritageBakery,15
魷魚,15
運點心,15
沐樂,15
北門店,15
電大樓,15
王朝,15
點點心,15
三槐堂,15
根本,14
算是,14
真是,14
湯拉,14
中原,14
獨特,14
尤其,14
300,14
A5,14
華山藝,14
文特區,14
務費,14
單價,14
11,14
干貝,14
種類,14
大排,14
不可,14
不好,14
雞腿,14
常常,14
煎餅,14
聊天,14
設計,14
新東,14
調味,14
甜度,14
店裡,14
優質,14
半熟,14
上市,14
品質,14
溫度,14
炭烤,14
師大,14
來來,14
就要,14
手禮,14
意外,14
不然,14
創始,14
重新,14
登飯,14
魚片,14
愛上,14
叉燒,14
另外,14
合式,14
西亞,14
海霸王,14
美國,14
蘇可泰,14
武藏,14
Hoo,14
甘甜,13
接受,13
這種,13
方式,13
超強,13
半價,13
超狂,13
白色,13
東門捷,13
餃子,13
搬家,13
餐桌,13
缺點,13
in,13
推介,13
肉片,13
醬汁,13
台菜,13
最新,13
肉球,13
可可,13
貓咪,13
要來,13
溫體,13
親民,13
最強,13
拍照,13
24,13
油條,13
高人氣,13
懷念,13
時段,13
亞洲,13
美的,13
安格斯,13
豆味行,13
芋圓,13
握壽司,13
市場裡,13
茶館,13
期待,13
沒什麼,13
山海,13
Second,13
Floor,13
曉迪筒,13
林家,13
魚丸,13
收服,13
結合,13
曼谷,13
泰正點,13
八棟,13
紅豆餅,13
疙瘩,13
祖傳,13
Laksa,13
天婦,13
包場,13
運動,13
藝奇,13
超市,13
泰獅,13
thai,13
水產,13
超平價,12
全台,12
平民,12
路上,12
小小,12
郁坊,12
預訂,12
功夫,12
盒子,12
防疫,12
蛋塔,12
菠蘿包,12
網美,12
銅板價,12
週日,12
帶有,12
起士,12
文創,12
很快,12
佛心,12
吃不完,12
鮮餐,12
好味,12
澎湃,12
十大,12
大嘴,12
茶香,12
免費續,12
不吃,12
燒烤,12
愛恨,12
厚實,12
獨家,12
一些,12
希望,12
文化,12
園區,12
Taipei,12
上面,12
東區,12
探索,12
上村,12
Simple,12
Kaffa,12
全球,12
金門,12
何首,12
熟成,12
火烤,12
Prime,12
藏身,12
配上,12
青鳥,12
潤餅,12
芥末,12
年代,12
一片,12
湯汁,12
誠品,12
幾乎,12
胡椒,12
汕頭,12
酥湯,12
主菜,12
古亭店,12
Kopitiam,12
自助式,12
文東,12
牯嶺,12
圓仔湯,12
火燒,12
Donut,12
杏子,12
蘇杭點,12
心店,12
GinGinCoffeeCompany,12
一天,12
夢幻,12
蜜芋,12
紅油,12
紙街,12
王品,12
宜賓燃,12
芋泥,12
鮮奶,12
三越,12
新光,12
Bistro,12
戰醬,12
爸爸,12
養鍋,12
小吉市場,12
Greta,12
秀昌水,12
閃電泡,12
前鎮,12
香菇,11
號稱,11
青菜,11
只能,11
適中,11
第二次,11
合菜,11
樺林,11
延平南路,11
萬華美,11
399,11
一人,11
自取,11
拼盤,11
北車店,11
城市,11
明亮,11
回家,11
公休,11
餃店,11
中肯,11
台北人,11
乾燥,11
華山美,11
上菜,11
重點,11
銅盤,11
2018,11
天堂,11
外面,11
書店,11
松露,11
愛的,11
等級,11
料多實,11
桌菜,11
一味,11
低消,11
服務員,11
可是,11
..,11
原本,11
看看,11
溫補,11
服務生,11
多元,11
步行,11
人覺,11
茶控,11
22,11
foodie,11
丹丹,11
地人,11
蘭苑,11
華麗,11
有趣,11
滿出,11
豐盛,11
夏季,11
廣式,11
巨大,11
地表,11
屋台,11
想像,11
兩個,11
專業,11
東門店,11
劉媽,11
媽飯,11
XDD,11
慢慢,11
之前,11
燒飯,11
記得,11
可口,11
餐飲,11
Restaurant,11
河粉,11
霜淇淋,11
三味,11
人性,11
每人,11
辣味,11
豬腳飯,11
松江,11
插頭,11
鴛鴦,11
少女,11
西西里,11
墨西哥,11
小飯館,11
OnlyToast,11
寶藏,11
Kao,11
烘培,11
五草車,11
路美,11
蒙牛,11
牛筋,11
沙茶,11
好滴,11
富士山,11
垃圾,11
第一天,11
Comida,11
西瓜,11
天神,11
大心,11
JellyJelly,11
程文,11
SUKIYA,11
南京,10
任何,10
程度,10
口碑,10
油豆腐,10
肥瘦,10
萬華,10
新店,10
爆料,10
以前,10
重慶南店,10
一盤,10
資訊,10
北科大,10
奶酪,10
近捷運,10
迷你,10
悠閒,10
CafedeGear,10
改裝,10
添加,10
Wifi,10
超特別,10
現場,10
歐風,10
轉角,10
21,10
目前,10
三種,10
合理,10
誠意,10
肥美,10
值高,10
平實,10
農人,10
預約制,10
威靈頓,10
才能,10
指南,10
鮑魚,10
仁愛店,10
植物,10
蝦仁,10
概念,10
東路,10
150,10
家人,10
我覺,10
東石鮮,10
45,10
微辣,10
酸甜,10
難怪,10
三年,10
Burger,10
異國,10
不夠,10
創新,10
何家,10
大河,10
邀約,10
甜膩,10
elsewherecafe,10
主廚,10
隱藏版美,10
品項,10
擺盤,10
好好,10
路無名,10
兩種,10
交通,10
三創,10
北市,10
炙燒,10
地下街,10
直營店,10
by,10
精品,10
大餐,10
附價位,10
情人,10
晉江,10
茶堂,10
清湯,10
遇到,10
捷運北門,10
總是,10
中山站,10
冷藏,10
古北,10
可用,10
500,10
SecondFloorCafe,10
出色,10
打狗霸,10
現點現,10
蛋包,10
肉包,10
豆沙,10
銷魂,10
青蛙,10
餐坊,10
登辰園,10
油膩,10
坐在,10
太守,10
賢夫美,10
Company,10
Pizza,10
比薩屋,10
熱壓,10
宅配,10
免費加,10
井上,10
89LOOP,10
調酒,10
LaGrotta,10
微兜,10
京站,10
運台灣,10
祥和,10
愛好燒,10
基隆,10
木盆,10
金大,10
工作室,10
砂糖,10
蔡萬興,10
石鍋,10
紅盤子,10
靜壽司,10
台灣壽司,10
重熙,10
光合,10
箱子,10
倆號,10
初韻,10
Labu,10
小糖,10
果昔,10
經過,9
如此,9
進去,9
光顧,9
桌上,9
有些,9
放在,9
早上,9
川揚,9
加點,9
醬料,9
有夠,9
綜合,9
想到,9
四海,9
不貴,9
乾拌,9
三十年,9
早點,9
大小,9
一整,9
貼心,9
安心,9
午茶,9
加強,9
當天,9
寧靜,9
優雅,9
部落,9
冷凍,9
加入,9
海味,9
taipei,9
taiwan,9
大學,9
價美,9
名不虛傳,9
老派,9
鮮魚湯,9
處理,9
KAO,9
高質,9
許多,9
方案,9
蟬聯,9
太甜,9
抓餅,9
無敵,9
包廂,9
日常,9
魚頭,9
好料,9
堅持,9
海苔,9
南陽,9
可愛的,9
超療,9
運東門,9
粒粒,9
一絕,9
擁有,9
無窮,9
香辣,9
120,9
醬油,9
印象,9
燉湯,9
小山,9
必訪,9
貓咪餐,9
想要,9
浮誇,9
週一,9
10%,9
內餡,9
食記,9
甜蜜,9
桃源街,9
老王,9
萬華區,9
爆炸,9
吸引,9
東北,9
蝦子,9
獨立,9
快來,9
最棒,9
生乳,9
顛覆,9
沁涼,9
所有,9
不油膩,9
出來,9
月子,9
生雞湯,9
兄弟,9
玻璃屋,9
油拉,9
再次,9
本身,9
素餐,9
好友,9
uPoke,9
法國,9
女生,9
經濟,9
魚刺,9
傻眼,9
一位,9
當歸,9
腸粉,9
魅麗海,9
香料,9
二星,9
無限供,9
火鍋店,9
烤餅,9
歐姆蛋,9
蘇杭餐,9
會館,9
酒釀,9
廣場,9
炒蛋,9
龍莊,9
第一家,9
雜貨,9
正常,9
老宜,9
謝謝,9
微風北車,9
尖蚪,9
戚風,9
CNN,9
肉丸,9
中華館,9
英雄,9
四川菜,9
連鎖豬,9
排店,9
PrimeOne,9
餐飲會,9
北北車,9
珍豬,9
彩色,9
小器,9
VilleCafe,9
康樂意,9
Alleycat,9
刀切,9
紐澳良,9
小廚,9
商號,9
1789,9
自愛麗絲,9
爆紅,8
氣美,8
觀光客,8
肉燥,8
桌子,8
比例,8
是不是,8
爆滿,8
認證,8
要點,8
粉嫩,8
超厚,8
插旗,8
之家,8
無限用,8
南洋,8
二代,8
必買,8
路過,8
de,8
魅力,8
改建,8
容易,8
帶點,8
私藏,8
一半,8
二段,8
旅行,8
仙草,8
爆棚,8
天天,8
飽滿,8
普普,8
足夠,8
清甜,8
角落,8
鮮美,8
光光,8
玩樂,8
運公館,8
牛排餐,8
有人,8
心得,8
白天,8
美節,8
可外,8
名單,8
屹立,8
炒年糕,8
中間,8
超棒,8
加飯,8
飯館,8
ig,8
超浮,8
ifunny,8
艾方妮,8
遊樂場,8
加湯,8
爽脆,8
營養,8
升級,8
香拌,8
層次,8
地點,8
魚肚,8
養身,8
豬血,8
送餐,8
香醇,8
愛店,8
這次,8
秘密,8
心中,8
葡式,8
香甜,8
2021,8
還會,8
menu,8
愛吃,8
石研室,8
不一樣,8
SimpleKaffaFlagship,8
經營,8
不想,8
連鎖店,8
主食,8
烏燉,8
還要,8
Livia,8
免服務費,8
料多,8
門口,8
腿肉,8
爆表,8
Kitchen,8
85,8
93,8
墨洋拉,8
到底,8
沙威瑪,8
兩吃,8
彈牙,8
濃濃,8
融化,8
Bleu,8
Book,8
甜湯,8
凱撒飯,8
下班,8
小酌,8
ICE,8
小螺波,8
壽星,8
桃山,8
母親節,8
可頌,8
盤子,8
小點,8
不斷,8
場裡,8
首爾之家,8
小隱,8
茶庵,8
報導,8
白湯,8
服務好,8
慶生,8
花枝,8
午冬甜點,8
晚來,8
13,8
香蕉,8
重現,8
鴨肉,8
首次,8
Ducky,8
DuckyRestaurant,8
遇見,8
手搖,8
不算,8
雙拼,8
比起,8
COFFEE,8
街巷,8
珍奶,8
中餐,8
白菜,8
鮮蝦,8
勺勺客,8
客陝,8
勺勺,8
任選,8
GinGin,8
me,8
職人,8
魏德,8
聖導演,8
彩虹,8
視覺,8
寬敞,8
小魚,8
不得,8
江蘇,8
vs,8
紅到,8
紅心,8
芭樂,8
英格,8
莉莉,8
阿仁,8
教室,8
子房,8
新平,8
228,8
caf,8
撞奶,8
紅葉,8
湘菜,8
CubeBrunch,8
釀餅,8
頌丹樂,8
差不多,8
PRIMEONE,8
家常菜,8
kids,8
擔擔,8
芝生堂,8
一兆堂,8
天空,8
克中東,8
紀州,8
天成,8
TUTTO,8
Fresco,8
台灣旗,8
梅村,8
街早,8
Sukiya,8
光點,8
ChicThai,8
商号,8
凌晨,7
十年,7
提醒,7
一邊,7
最好,7
網友,7
不新鮮,7
似乎,7
喝到,7
Sheena,7
蛤蠣,7
靈魂,7
媲美,7
還能,7
想念,7
肉多,7
精選,7
沒吃過,7
街邊,7
極品,7
菠蘿油,7
洋房,7
文青風格,7
半小時,7
詢問,7
---,7
打造,7
歐洲,7
老房子,7
地飄香,7
綠藻,7
般的,7
料好,7
運善導,7
牽絲,7
瀑布,7
美麗,7
人來,7
不少,7
鮮魚,7
小魏,7
好玩,7
一級,7
以下,7
高級,7
盎司,7
公司,7
瘦肉,7
糖粉,7
香菜,7
四神湯,7
漲價,7
永遠,7
也好,7
北海,7
門市,7
午間,7
自由,7
獅子頭,7
線上,7
不變,7
培根,7
客滿,7
不搖,7
很夠,7
110,7
超萌,7
初牛,7
是否,7
區善導,7
不足,7
APP,7
獲得,7
三角,7
南部,7
滿意,7
回訪,7
社濟,7
嚴選,7
坐鎮,7
加價,7
超豐盛,7
或是,7
人才,7
休息,7
包店,7
繪本,7
表現,7
不佳,7
很差,7
氣息,7
food,7
popyummy,7
相機,7
照片,7
....,7
誘人,7
二店,7
快速,7
滿到,7
好佳,7
1914,7
霸主,7
599,7
吳則霖,7
旅遊,7
SimpleKaffa,7
四種,7
不如,7
味覺,7
時尚,7
暖心,7
社青島,7
250,7
區捷,7
人情味,7
單品,7
一秒,7
木須,7
好實,7
本家,7
哈根,7
澳洲,7
顆星,7
運將,7
很特別,7
可樂餅,7
Taiwan,7
有名,7
氣的,7
奇妙,7
微醺,7
小姐,7
超有,7
小吃部,7
肋眼,7
十三,7
品味,7
17,7
料理店,7
金雞園,7
一樓,7
客家菜,7
滑嫩,7
以外,7
街角,7
糯米,7
飽足,7
有著,7
故事,7
融合,7
Brunch,7
運古亭,7
吸睛,7
五鐘,7
絲瓜,7
完售,7
百吃,7
小巧,7
廣州,7
幾次,7
好久,7
附上,7
山寺,7
https,7
魚子,7
椰漿,7
肉骨,7
絕配,7
炸雞塊,7
單價格,7
特餐,7
小資族,7
德立,7
莊店,7
台灣味,7
現做,7
隱密,7
東北之家,7
成主顧,7
青醬,7
淡淡的,7
佳味,7
18,7
阿亮,7
大骨湯,7
太油,7
燒賣,7
重慶,7
全天候,7
臨沂街,7
咖啡豆,7
居屋,7
藝文,7
鴛鴦鍋,7
BonnieSugar,7
林森,7
中心,7
英式,7
三代,7
手搖飲,7
黑松,7
小倆,7
寧波生,7
鮮肉,7
73,7
良品,7
天下第一,7
一般般,7
煉乳,7
尚可,7
大概,7
封街,7
Heritage,7
東門彈,7
Beer,7
嫩豆腐,7
滴妹,7
布朗,7
國軍,7
petitdoux,7
過來,7
中西,7
韓風,7
沙包,7
御景,7
金華,7
帕尼尼,7
山田,7
寿司,7
前路,7
一日,7
DripCafe,7
福岡,7
南京站,7
源自,7
早秋,7
ANTIQUE,7
韓虎嘯,7
酸梅,7
台湾,7
台生,7
香園,7
冰室,7
法爾木,7
buCaf,7
Labucaf,7
鴨莊,7
高大,7
Doly,7
朵莉,7
太久,6
冬粉,6
員工,6
客氣,6
軟爛,6
整碗,6
評論,6
一桌,6
回去,6
超差,6
肉粉,6
FUN,6
暑假,6
外帶餐,6
平均,6
剝皮,6
到位,6
木桶,6
走過,6
街頭,6
各種,6
改造,6
純白,6
等到,6
平凡,6
生平,6
肥肉,6
西街,6
變得,6
現煮,6
good,6
特輯,6
雞白,6
韓天閣,6
激推,6
蒜泥,6
開心,6
至少,6
毛毛,6
友人,6
69,6
超厚實,6
019,6
三鼎,6
不怕,6
新址,6
初訪,6
冉冉,6
砂鍋,6
白糖,6
甜甜的,6
口袋,6
花生豆,6
冷氣,6
一年四季,6
園美,6
魚板,6
的豬,6
冬瓜,6
明太子,6
敞舒適,6
增湯,6
無限暢,6
指數,6
加醬,6
炊飯,6
好多,6
尖峰,6
出現,6
25,6
特調,6
35,6
必喝,6
TakeOut,6
店貓,6
有貓,6
主要,6
真心,6
凱薩店,6
凱撒店,6
的關,6
160,6
稍嫌,6
茶味,6
七十年,6
炸醬,6
結帳,6
酥餅,6
歡迎,6
018,6
很足,6
永和,6
排到,6
OrchidCourt,6
耽誤,6
炸得,6
現炸,6
北方,6
對面,6
Flagship,6
兩年,6
來杯,6
四個,6
藍線,6
注意,6
擔心,6
講究,6
23,6
最喜歡,6
不油,6
補身,6
停不下,6
鮮味,6
尾牙,6
隔壁,6
貝系醬,6
海膽,6
獨門,6
素食,6
土耳其,6
達斯,6
生啤酒,6
鍋公館,6
現切,6
無骨,6
佳鑫,6
白鍾元,6
超濃郁,6
天氣,6
選用,6
三五,6
對味,6
大口,6
麥飯,6
130,6
398,6
北棲邸,6
ok,6
快餐,6
好看,6
初面,6
Cp,6
茶店,6
條是,6
超嫩,6
感動,6
QQ,6
美中不足,6
1949,6
文學,6
PRIME,6
手法,6
點的,6
一頓,6
吃法,6
松葉蟹,6
棉花,6
流心,6
本來,6
地材,6
漂亮,6
九州,6
大片,6
趕著,6
七條,6
圓冰,6
族群,6
廳裡,6
力推,6
雞肉飯,6
難求,6
物超所值,6
-#,6
89,6
com,6
還蠻,6
One,6
快樂,6
韓系,6
美景,6
心情,6
水煎包,6
魚丸湯,6
The,6
登請,6
加水,6
VS,6
最美,6
宮廷,6
更新,6
大骨,6
還送,6
泰國菜,6
心目,6
超道,6
JoyceWu,6
喝起,6
很甜,6
美廣場,6
佳園,6
蘆筍,6
安東廳,6
酒店,6
陝西,6
冬至,6
黑金,6
湯喝,6
松山,6
400,6
中華路,6
福井,6
淋上,6
意願,6
工作,6
阿榮,6
登比薩屋,6
PizzaPub,6
依然,6
近華山,6
日系,6
主角,6
Half,6
喜餅,6
生煎包,6
美街,6
濃醇,6
夫妻,6
飯莊,6
多到,6
胃口,6
餃館,6
要求,6
張吳,6
LIN,6
Bakery,6
反而,6
宇治,6
老熊,6
蛋花,6
增肌,6
減脂餐,6
光華紅豆餅,6
高麗園,6
劉古,6
台灣店,6
墨潮,6
雲南,6
提早,6
野生,6
櫻花,6
XiangSe,6
凱撒,6
胡麻,6
不加,6
至今,6
負擔,6
可拿滋,6
Rich,6
Daddy,6
乾杯,6
上天,6
YangGuo,6
FA,6
野草,6
Uncle,6
康老,6
玖伍,6
OROMO,6
甜心,6
中山堂,6
順園,6
麥達,6
朝日,6
東門興,6
老鄧,6
Ebisu,6
重奏,6
味精,6
羊成,6
羊城,6
飲亭,6
印度,6
張家,6
捷運台,6
茶室,6
蔬果,6
銀手,6
福利,6
NolaKitchen,6
CAF,6
DIY,6
翠薪,6
好韻,6
SugarBistro,6
Cyrille,6
Courant,6
厭世會社,6
新定,6
客坐,6
KEZUO,6
石石,6
價值,5
嘴巴,5
面前,5
樣子,5
這家店,5
朝聖,5
腥味,5
再來,5
不失,5
淡淡,5
湯都,5
消夜,5
雪菜,5
城南,5
散步,5
爆量,5
神秘,5
二十年,5
海帶,5
油餅,5
一鍋,5
多半,5
小資,5
親民價格,5
台味,5
Gear,5
野餐,5
柔軟,5
東街,5
CAFEdeGEAR,5
宿舍,5
現代,5
場地,5
超滿足,5
tw,5
吃水,5
確實,5
三點,5
魔幻,5
奇怪,5
泥濘,5
鮮乳,5
不知,5
吳郭,5
運氣,5
本體,5
魚肉,5
網友激,5
相見,5
湯鮮,5
機材,5
地雷,5
玩具,5
廚師,5
順便,5
優點,5
福丸,5
原塊,5
近公館,5
油封,5
菲力,5
戰斧,5
比臉,5
還大,5
雄蔥,5
麻醬,5
社區,5
宴客,5
豪邁,5
圖多,5
澎湖,5
抽獎,5
折扣,5
霸氣,5
即化,5
出門,5
中秋,5
平價外,5
糖水,5
動物,5
皮蛋,5
優格,5
現金,5
交易,5
一句,5
下飯,5
大方,5
55,5
前往,5
不了,5
呈現,5
開胃,5
不敢,5
鱸魚,5
烹煮,5
特殊,5
濃稠,5
檸檬愛玉,5
超飽,5
209,5
超豐富,5
金雙,5
當日,5
無刺,5
TAKE,5
OUT,5
一大,5
TakeOutBurger,5
陪伴,5
照燒,5
定食,5
區羅斯福路,5
左右,5
合一,5
微微,5
果醬,5
酸酸甜甜,5
擁擠,5
斯福路,5
這款,5
本人,5
藝術,5
魔王,5
內文有,5
許多人,5
Google,5
師大店,5
Day,5
苔目,5
甜餅,5
榮獲,5
最難,5
厚餅,5
會後悔,5
薄餅,5
油条,5
首推,5
男子,5
傳說,5
絕美,5
金華街,5
國民,5
店名,5
芙蓉,5
不優,5
首店,5
來台,5
上次,5
600,5
喝完,5
同時,5
四年,5
樣樣,5
多味,5
進補,5
煲湯,5
料多到,5
高中,5
變成,5
大顆,5
牛蒡,5
私心,5
春酒,5
生日蛋糕,5
偏甜,5
夠味,5
泡系,5
還行,5
不見,5
黑牛,5
攝影,5
阿桑,5
金桔,5
回甘,5
不會過,5
料好實,5
週六,5
紅豆湯,5
薏仁,5
小點心,5
75,5
喝酒,5
推薦給,5
蛋白,5
反應,5
我加,5
柳州,5
酸辣粉,5
純愛,5
攻略,5
舒芙蕾,5
螃蟹,5
350,5
大飯,5
韓國人,5
近古,5
杯子,5
看展,5
很難,5
即可,5
味十足,5
太多,5
可續,5
秘境,5
一餐,5
兩餐,5
穿越,5
夜晚,5
濃湯,5
旨燕,5
小炒,5
糖心,5
脆脆,5
公有,5
prime,5
糖壽,5
熱炒,5
澳門,5
手藝,5
香草,5
蛋黃,5
伴手禮,5
洋蔥,5
小朋友,5
人大,5
中山北路,5
魚生,5
排飯,5
三圓冰,5
扭蛋,5
小法國,5
歌舞,5
女子,5
休假,5
計劃,5
100%,5
肉嫩,5
幾口,5
開始,5
電子,5
收藏,5
霸王,5
烏魚子,5
沙湯,5
原汁原味,5
參芭蝦,5
鄉味,5
強勢,5
薄荷,5
星級,5
Jennifer,5
任務,5
紅酒,5
粵菜,5
老字,5
綠茶,5
景觀,5
MountainKidsCoffeeRoaster,5
不太,5
鬧區,5
不輸,5
炎炎夏日,5
牛肚,5
可麗露,5
巴斯克,5
01,5
蘇杭,5
花椒,5
只點,5
高貴,5
三訪,5
客座,5
以為,5
燭光,5
顆粒,5
休閒,5
高雄,5
邪惡,5
平常,5
醫學院,5
厚度,5
小黃瓜,5
咬下,5
蒙古,5
彈的,5
單人,5
38,5
阿泉,5
雞不擇,5
漸漸,5
太膩,5
前天,5
最近,5
美必,5
加辣,5
壽喜,5
吃喝,5
酒屋,5
三元,5
肚子,5
音樂,5
RealgutsCafe,5
基地,5
心噴發,5
繽紛,5
近期,5
薯餅,5
有菜,5
印尼,5
灌老,5
影片,5
達文西,5
大量,5
沙朗,5
品嘗,5
金牌,5
彈有,5
多實,5
魚定,5
木質,5
半肉,5
王功鮮,5
愛好,5
橋浜,5
微風車,5
酒水,5
商城,5
布夫,5
瑞士,5
La,5
大大,5
理念,5
喜蛋,5
秋紅肚房,5
中華,5
所在,5
邰智源,5
BENNY,5
出國,5
超推,5
街學生,5
桂花,5
多款,5
懷寧店,5
小貴,5
林森南路,5
太高,5
JBA,5
奶蓋,5
pasta,5
舌尖,5
嚐嚐,5
機會,5
創店,5
早味蔥,5
幾歲,5
區捷運,5
一價,5
莓果,5
學生族,5
好運,5
TimHoWan,5
史上,5
加湯加,5
不加價,5
不厭,5
五更,5
元宵,5
人士,5
Cube,5
考慮,5
雙層,5
小辣,5
三個,5
勝博殿,5
桌遊,5
燒拉,5
129,5
KATSUYA,5
腰內,5
鋤壽,5
上園,5
倉鼠,5
玻璃,5
孩子,5
御牛殿,5
法點法,5
Tetsu,5
叔叔,5
小雞飯,5
李便,5
屋燒,5
精神,5
年糕,5
青江,5
Happy,5
Teru,5
晴光,5
告知,5
梅門,5
防空洞,5
中東,5
香帥,5
芝士,5
十杯,5
Tigerroar,5
藍莓,5
丸子,5
飽足感,5
國家,5
雙響,5
雪腐,5
東京油,5
關東,5
出餐,5
當然,5
SUSHIRO,5
YabatonTaiwan,5
春暖大花,5
酒鬼,5
美坊,5
巴西,5
公園號,5
泰餐,5
愛樂,5
x2,5
評鑑,5
OohChaCha,5
TrueWin,5
冰斗,5
LabuCafe,5
爺兒,5
怡客,5
SukiYa,5
Tr,5
好伴,5
豬仔流,5
屯京拉,5
菠蘿堡,5
棕櫚糖,5
1789Caf,5
Alice,5
仙境,5
上官,5
國都,5
沛洛瑟,5
不賴,4
有加,4
庶民,4
氣平價,4
媒體,4
男生,4
默默,4
看過,4
禮貌,4
大力,4
他家,4
特地,4
前來,4
還算,4
米粒,4
之下,4
那邊,4
而言,4
大失所望,4
光客,4
指名,4
膠質,4
正念,4
最愛,4
甚至,4
官方,4
海吃,4
看起,4
濃度,4
肉餅,4
不覺,4
口渴,4
而是,4
粵式,4
高水準,4
胡天,4
一發,4
最歡樂,4
元氣,4
古裝潢,4
好店,4
古懷舊,4
甜品店,4
多人,4
老式,4
建築,4
老洋房,4
必去,4
太太,4
綠意,4
良好,4
打電話,4
手機,4
天荒地老,4
坐下,4
大份,4
相聚,4
相遇,4
交織,4
綠色,4
多次,4
總統,4
齊東,4
爆多,4
四大,4
小酒館,4
More,4
地圖,4
新家,4
商品,4
香脆,4
餅皮,4
雞塊,4
上餐,4
相伴,4
工業,4
販售,4
著名,4
很不錯,4
貢丸,4
都市,4
站台,4
終於,4
湯飯,4
新鮮直,4
情侶,4
兼顧,4
童趣,4
隨便,4
限制,4
貝果,4
最平價,4
最低,4
39,4
副餐,4
59,4
少見,4
奢華,4
乾柴,4
可選,4
自選,4
花生粉,4
阿春媽,4
媽涼,4
專程,4
參考,4
早晨,4
必備,4
白燒,4
鳳梨,4
居家,4
很實,4
全面,4
88,4
來場,4
澎派,4
16,4
針菇,4
現點,4
藝人,4
桌率,4
逛街,4
我家,4
大校,4
新人,4
220,4
270,4
我個,4
一一,4
的燒,4
牛舌,4
部份,4
湯裡,4
巧思,4
簡直,4
油雞,4
食品,4
貪吃,4
180,4
保持,4
調味料,4
單純,4
純釀,4
四溢,4
送到,4
魚皮,4
三鐘,4
肉汁,4
貓奴,4
奶奶,4
__,4
科技,4
女朋友,4
哈哈哈,4
唐揚,4
還免,4
超吸睛,4
翻天,4
芋頭控,4
繼續,4
續加,4
平價定,4
小鳥,4
愜意,4
微苦,4
190,4
書屋,4
滑順,4
商場,4
一開始,4
來訪,4
美美,4
foodporn,4
食先,4
吃貨,4
形容,4
加映,4
1000,4
內行,4
觀光,4
陽春,4
店員態度,4
運善,4
爆人氣,4
眾多,4
兩次,4
夾蛋,4
加持,4
清晨,4
點排,4
豆浆,4
下面,4
內人氣,4
同事,4
不再,4
熱騰騰,4
金黃,4
四十年,4
爆炒,4
衡陽路,4
更好,4
列車,4
海外,4
億北車,4
平價個,4
身心,4
手感,4
葡萄,4
KakigoriToshihiko,4
可愛,4
直送,4
之外,4
指定,4
必須,4
小確幸,4
超新鮮,4
台灣養,4
一再,4
下巴,4
101,4
專家,4
站號,4
極高,4
千萬別,4
男友,4
Versa,4
翻新,4
兼具,4
65,4
Curry,4
來點,4
哈比,4
Ju,4
清蒸,4
毛豆,4
梅花,4
加大,4
融入,4
M6,4
讀書,4
靜謐,4
當地,4
黑輪,4
端午,4
Train,4
工業風,4
鯊魚,4
回來,4
蕎麥,4
廣西,4
螺絲粉,4
螺螄,4
波士,4
頓龍,4
甜蜜蜜,4
BUFFET,4
鱈場,4
彼得,4
亭捷,4
OREO,4
BAC,4
最夯,4
House,4
決定,4
等候,4
日料,4
撲空,4
蝦湯,4
至於,4
四樣,4
網紅,4
茶屋,4
26,4
西門捷,4
風華,4
俄羅斯,4
古風,4
西洋,4
還在,4
一層,4
吃不下,4
簡約,4
相信,4
準備,4
接著,4
肉類,4
舒肥,4
起跳,4
名物,4
330,4
區火鍋,4
PowerBeef,4
牛火鍋,4
外觀,4
一步,4
新北,4
青年,4
早味美,4
油亮,4
飯量,4
豬肉串,4
19,4
小心,4
一盒,4
非凡,4
卡龍,4
提前,4
便利,4
當月壽星,4
點少,4
總會,4
超酷,4
綿綿,4
有如,4
來過,4
雞腿飯,4
解膩,4
區中華路,4
2eat2gether,4
捷運龍,4
放題,4
聯名,4
第一口,4
www,4
飯加,4
盛宴,4
超夠,4
鹿肉,4
神級,4
養雞,4
雞美,4
迪克,4
片皮,4
還附,4
新鮮現,4
Mountain,4
Kids,4
Roaster,4
厚蛋,4
窗景,4
取靜,4
留言,4
SemiBuffet,4
接近,4
相同,4
興站,4
文內,4
時代,4
忍不住,4
還吃,4
熱情,4
咖啡吧,4
美妙,4
460,4
純正,4
杯水,4
菊花,4
Sukhothai,4
Thai,4
Polleria,4
支持,4
溫暖,4
六點,4
家族,4
早就,4
自東京,4
一整天,4
31,4
14,4
辦法,4
館兒,4
八種,4
留香,4
腳肉,4
街道,4
4.4,4
出爐,4
不甜膩,4
口水,4
我點,4
中等,4
含菜,4
整塊,4
一百元,4
民居,4
每樣,4
走進,4
媽媽味,4
住宅,4
超濃,4
松阪豬,4
上班,4
累愛約,4
Bonnie,4
Sugar,4
很漂亮,4
雨天,4
No.1,4
菲拉,4
休日,4
恰恰,4
極限,4
民國,4
三杯,4
楊枝,4
甘露,4
GOKUJOH,4
成都,4
Paper,4
St,4
PAPER,4
ST,4
懷疑,4
部隊,4
美乃滋,4
黑洞,4
各有特色,4
半筋,4
活力,4
江戶,4
帝王,4
豪華,4
沒話,4
NOW,4
輕早,4
像是,4
添財,4
古老,4
東南亞,4
微笑,4
果茶,4
Toast,4
無誤,4
文青早,4
名稱,4
嘗試,4
美蘭,4
好評,4
實際,4
想法,4
任你挑,4
障礙,4
橋燒餅,4
麻吉古,4
清脆,4
大福,4
不辣,4
異國美,4
劉家,4
牛骨,4
集合,4
普普通通,4
六十年,4
著迷,4
Engolili,4
很小,4
禮拜,4
荷包,4
近西門,4
兩小時,4
實的,4
LOOP,4
飛鏢,4
校園,4
點水樓,4
NO.1,4
紅火代,4
東門市,4
一週,4
找到,4
康熙,4
Cuisine,4
歐蕾,4
福二漢,4
Best,4
平價義,4
鼎泰豐,4
宛如,4
Jup,4
冰塊,4
ikki,4
創作,4
碼牌,4
山藥,4
幸福感,4
bistro,4
減肥,4
採用,4
御膳,4
waffogato,4
元加,4
PIZZA,4
信陽店,4
呼呼,4
brunch,4
利隆餅,4
東門江,4
鳳爪,4
鎮江店,4
保證,4
龍哥,4
雞腿排,4
生菜沙拉,4
老爺爺,4
劉四神湯,4
彈性,4
超胃,4
正統,4
私宅,4
南法,4
庭院,4
時空,4
樸實,4
雙醬,4
京滬酒,4
綠水棧,4
工房,4
切仔,4
齊東店,4
場次,4
29,4
大哥,4
一流,4
租借,4
----------,4
MR,4
ML,4
選手,4
做起,4
滑蛋,4
泰味鮮,4
超下,4
田家,4
花房,4
火腿,4
手打,4
肉排,4
每週,4
鶴茶樓,4
三段,4
點點,4
徹思,4
食用,4
Cheese,4
幸福村,4
堂拉,4
首家,4
菜飯,4
不限,4
WiFi,4
台糖,4
劇場,4
魚介豚,4
凱薩飯,4
pita,4
樂軒,4
王子,4
elina,4
龍泰,4
山嵐拉,4
札幌,4
布蕾,4
担担,4
JODO,4
蘑菇,4
lab,4
Lab,4
豆子,4
想點,4
雪腐公館,4
佳興魚,4
華山組,4
中碗,4
光華店,4
韭黃水,4
茶碗,4
有機,4
鍋膳,4
鐵板味,4
老台客,4
六色,4
講座,4
暢唱,4
JOLLY,4
卓莉,4
李正,4
上島,4
盆栽,4
燒臘店,4
Jelly,4
秋月,4
sukiya,4
溫玉,4
Bon,4
總匯,4
豆家,4
加冰,4
臭彈,4
環浪,4
漁村,4
TheMisanthropeSociety,4
最強燒,4
愛麗絲夢遊,4
Is,4
楊家,4
BANNCHAN,4
兩家,3
不衰,3
明明,3
人手,3
當我,3
超爛,3
點完,3
必要,3
基本,3
一副,3
卤肉饭,3
里面,3
一股,3
這碗,3
內心,3
外場,3
菜市,3
網站,3
苦瓜,3
金鋒魯肉,3
氣古,3
超旺,3
捷運中,3
信義線,3
隨意,3
絕佳,3
一嘗,3
老母,3
熬湯,3
爆汁,3
全品,3
相鄰,3
很少,3
肉肉,3
回饋,3
超殺,3
49,3
再加,3
大盤,3
飽餐,3
剝蝦,3
海底,3
2.0,3
BOLO,3
PAN,3
BOLOPAN,3
積極,3
戶外,3
有待,3
通知,3
加收,3
成服,3
受午,3
大理石,3
顯得,3
微酸,3
設計感,3
Ok,3
義芳,3
食堂,3
可選擇,3
多重,3
常客,3
小女,3
張氏,3
菠菜,3
五顆,3
又夠,3
半夜,3
迷幻,3
色彩,3
摩登,3
點膩,3
泥土,3
超誇張,3
月底,3
咀嚼,3
平價大,3
逼人,3
相較,3
偏硬,3
太重,3
烏醋,3
露天,3
內利鮮魚,3
下雨天,3
加肉,3
兩人,3
大姐,3
難得,3
我會,3
遊戲區,3
信誼,3
市集,3
高檔,3
增添,3
靈頓,3
學生證,3
真正,3
超厚切,3
罪惡,3
超平,3
顧客,3
學區,3
張傑克,3
JACKCHANG,3
超香,3
張春涼,3
越來,3
Coppii,3
Lumii,3
Cloudfoodie,3
雲旅,3
百匯,3
無錫,3
配美,3
聖品,3
年度,3
菜點,3
甘醇,3
平台,3
內含,3
免運,3
老爸,3
全都,3
喜愛的,3
區古亭,3
油炸,3
桌椅,3
焦味,3
焦香,3
家鄉,3
這價格,3
濕軟,3
很香濃,3
很香,3
里肌肉,3
互動,3
國度,3
能量,3
真實,3
突出,3
偏貴,3
湯無限,3
食嘰咕,3
簡評,3
最多五顆,3
meetfood,3
覓食,3
啊啊啊,3
招牌菜,3
荷包蛋,3
強烈,3
要加,3
蔥油,3
人間,3
油香,3
促銷,3
取餐,3
干貝燉,3
防腐,3
超喜歡,3
先試,3
成為,3
青蔥,3
保留,3
冰冰,3
路線,3
帶著,3
傳遞,3
盛大,3
月子餐,3
單及,3
貓貓,3
BURGER,3
TAKEOUTBURGER,3
信義區,3
習慣,3
很嫩,3
趕人,3
充電,3
兩杯,3
紐約客,3
內部,3
微甜,3
苦味,3
園抹,3
販賣,3
蛋糕店,3
書籍,3
cake,3
超厲害,3
三小時,3
不住,3
還比較,3
辣油,3
五十年,3
美大,3
連外,3
柴貓,3
客來,3
台必,3
省時,3
甘願,3
秘訣,3
排队,3
蛋饼,3
不得不,3
就連,3
日常生活,3
早起,3
鳥兒,3
德國,3
小屋,3
超華麗,3
伊善,3
超像,3
濕潤,3
app,3
大肉,3
小攤,3
1982,3
52,3
種品,3
送來,3
特急,3
全攻略,3
今日,3
近華山文,3
得獎,3
無數,3
雜誌,3
進入,3
愛好者,3
折抵,3
一趟,3
台幣,3
極致,3
再也,3
幸運,3
大賽,3
旗艦,3
名氣,3
之間,3
一派,3
酵素,3
Kakigori,3
果子,3
師大美,3
焙茶,3
街必,3
雙北,3
補雞湯,3
我心,3
乾脆,3
西班牙,3
近北車,3
冬日,3
浮誇系,3
四季,3
破表,3
展覽,3
滿心,3
不間,3
超爆,3
網美必,3
好材,3
成功,3
范范愛,3
過年,3
湯來,3
熟悉,3
聚寶盆,3
黑米,3
凱恩,3
超推薦,3
Vice,3
經驗,3
六人,3
更勝,3
一籌,3
香噴噴,3
不爛糊,3
貴婦,3
可免,3
高湯,3
WenCurry,3
Wen,3
有別,3
mix,3
老街,3
刺激,3
M8,3
伊比利,3
火鍋燒,3
爆高,3
線佳鑫,3
金吉,3
美鬥士,3
吃香,3
大到,3
很濃,3
加起司,3
母女,3
桃花源,3
氣質,3
實至名,3
再季,3
松青潤餅,3
上網,3
九份,3
綠豆,3
理想,3
寂寞,3
正餐,3
整間,3
女孩,3
莎拉,3
固定,3
太淡,3
黑豆,3
雙人餐,3
XIAO,3
LUO,3
BO,3
肥腸,3
霓虹,3
燈光,3
今晚,3
雪蟹,3
Kitchen1,3
Kitchen12,3
預定,3
信用卡,3
專欄,3
炸蝦,3
可愛又,3
送上,3
先訂,3
不差,3
比目,3
油脂,3
充足,3
烤魚,3
運藍線,3
國民海,3
相對,3
貫握,3
華山市,3
信陽,3
黑豬,3
典雅,3
要是,3
蛋飯,3
早午,3
衛生,3
古典,3
人文,3
三人,3
鍋推薦,3
鍋店,3
調整,3
一致,3
材料,3
有種,3
很爽,3
一條,3
全素,3
炸起,3
噴汁,3
如意,3
熊本,3
認為,3
Power,3
beef,3
東石小館,3
創立,3
維都,3
juicy,3
包師傅,3
多層次,3
六張,3
高評,3
人心,3
零嘴,3
產品,3
卡士,3
團購,3
區便當,3
飯類,3
林森北路,3
做好,3
剩下,3
飯裡,3
趕快,3
遊客,3
共同,3
鰻肝,3
野菜,3
柔嫩,3
滋滋,3
隊美,3
還沒,3
現打,3
早味粉,3
看似,3
造型,3
了點,3
千元,3
距離,3
秋季,3
迎接,3
多道,3
白酒,3
PetitFrance,3
小小的,3
代表,3
湯也,3
運西門,3
不起眼,3
結實,3
氣雞肉,3
搭車,3
307,3
牛握,3
涮樂,3
牛鍋物,3
活蝦,3
瞬間,3
雞配,3
吸附,3
椰奶,3
JJ,3
鐘予,3
冰茶,3
好手,3
清楚,3
南瓜,3
中規,3
中矩,3
前三甲,3
超難,3
號粵菜,3
阿興師,3
吃得出,3
柳橙,3
雪球,3
自烘,3
北門古,3
忠孝西路,3
帶來,3
負評,3
胸肉,3
包含,3
改善,3
影響,3
五熟,3
任君,3
太貴,3
外加,3
有家,3
評價極,3
建國,3
中學,3
菜肉,3
冷掉,3
TO,3
ponopono,3
Momoyama,3
加碼,3
置身,3
珍珠奶茶,3
Guest,3
菜餚,3
青麻,3
鍋底,3
鍋餅,3
特色菜,3
沒來,3
三次,3
到後面,3
富平,3
底超,3
網評,3
素可泰,3
地泰國,3
限時,3
名廚,3
潑水節,3
秘魯烤,3
酸酸的,3
秘魯,3
身邊,3
360,3
家用,3
仁愛,3
樓仁愛店,3
麻雞,3
食量,3
蘇杭小館,3
三碗,3
柴魚,3
聞名,3
苦澀,3
骰子,3
店辰園,3
TheDragon,3
早茶,3
手推,3
西菜,3
凸出,3
金山,3
肉飯,3
豬腳肉,3
爆發,3
必加,3
xun,3
GOMAJI,3
無限續點,3
取用,3
運台,3
波蘿包,3
內軟,3
秘制,3
符合,3
酵母,3
清涼,3
蠻特別,3
2016,3
03,3
露西,3
各樣,3
顏色,3
莎莎醬,3
紀年堂,3
燒鍋,3
四方,3
泰豐,3
饕客,3
Pub,3
pizzapub,3
再升級,3
PIZZAPUB,3
http,3
超越,3
團隊,3
瑪德蓮,3
初夏,3
新馬辣,3
童話,3
網美系,3
給你滿,3
Bonniesugar,3
還沒有,3
CIAOCIAO,3
好司康,3
會想,3
一手,3
可內用,3
元免,3
帶勁,3
50oz,3
太狂,3
附餐,3
給的,3
動作,3
請問,3
努力,3
36,3
種獨家,3
加白飯,3
文青系,3
gokujoh,3
內附,3
花瓣,3
多層,3
這店,3
COMPANY,3
合口味,3
適合學生,3
刺身,3
爆米花,3
區裡,3
小品,3
咖堂,3
幾年,3
奢侈,3
回到,3
插畫,3
抗拒,3
NowCoffee,3
NOWcoffee,3
老城,3
三層,3
大空間,3
五月,3
起家,3
墾丁,3
蛋蛋,3
搭上,3
發酵,3
元乾,3
三天,3
當時,3
聚集,3
範圍,3
造訪,3
第二,3
加煉,3
太晚,3
控必訪,3
密芋,3
看來,3
大白菜,3
內容,3
當季,3
排定,3
不高,3
母親,3
牛腱,3
包裝,3
討喜,3
作法,3
涼拌,3
保存,3
適合當,3
街裡,3
草頭,3
和平西路,3
紅蘿,3
周年,3
heritagebakery,3
區甜點,3
車站裡,3
最少,3
奶味,3
涼爽,3
糖品,3
角屋,3
近東門,3
NHK,3
叔餅,3
絕品,3
機台,3
Sports,3
of,3
冷冷的,3
蒸餃,3
豪華海,3
附贈,3
下來,3
四十多年,3
區人氣,3
舒國治,3
健身,3
Fitness,3
南陽店,3
全糖,3
女神,3
點餐機,3
細粉,3
湯的,3
冰糕,3
高雅,3
咖啡屋,3
Craft,3
還得,3
豬肋排,3
BAR,3
留意,3
人蠻,3
抽號,3
一店,3
FF,3
年業,3
越式,3
點火鍋,3
館裡,3
原料,3
加價購,3
無國界,3
菜盤,3
水蜜桃,3
姊妹,3
回歸,3
狗狗,3
餡餅,3
不值,3
腐皮,3
天王,3
嘗鮮,3
跨出,3
松鼠,3
蔬餐,3
血液,3
通常,3
招待,3
前菜,3
LittleMcafe,3
掌廚,3
廣東,3
加倍,3
腸旺,3
大鍋,3
氛佳,3
4.3,3
XIANGSE,3
民宅,3
滿點,3
xiangSe,3
出菜,3
爆出,3
聾啞,3
Mimi,3
sCafe,3
大平,3
亞譜,3
麥茶,3
BEARDPAPA,3
辣度,3
花椰菜,3
心蛋,3
Somtum,3
Der,3
自行,3
新宿,3
濃的,3
多久,3
認真,3
店原,3
財哥,3
條普普,3
停車,3
搖飲,3
貳家,3
封店,3
沿線,3
石牌,3
平價豬,3
間店,3
鐘的,3
平價生,3
葷素,3
369,3
愛心,3
還不,3
出貨,3
消毒,3
防止,3
和園,3
完成,3
山西,3
學人,3
九日,3
粉絲,3
799,3
樂雅樂,3
祥號,3
麻煮,3
博物,3
ONE,3
乾式,3
大聲,3
滴蛋,3
文藝,3
鮮果,3
雞蛋,3
前旗,3
舊城區,3
NUKI,3
想像中,3
近台,3
老板,3
尼克,3
一塊,3
區親子,3
popdaily,3
供餐,3
雙重,3
鬼椒,3
美台灣,3
湯燉,3
Yang,3
Guo,3
DEN,3
SA,3
ChezNousTaipei,3
五菜,3
一汁,3
俱全,3
UncleTetsu,3
Cake,3
一夜,3
梅江,3
茶水,3
尾張,3
有外,3
鍋捷,3
思念,3
比拉,3
初拉,3
受氣,3
菜包,3
兩點,3
輪餅,3
吃點,3
OROMOCAFE,3
一組,3
OROMOCafe,3
奧蘿茉北,3
公尺,3
紅爐,3
紅糟,3
行人,3
4F,3
今仔日,3
總體,3
OnDAY,3
吧台,3
大胃,3
Fabules,3
冰花,3
CAFEMacho,3
厚片,3
万象,3
阿妹,3
公道,3
520,3
微風美,3
HeartBread,3
72,3
Pita,3
一滴水,3
西路,3
無糖,3
蟲壽司,3
飯香,3
包小腸,3
拉芙,3
辣醬,3
Tegokoro,3
手心,3
公涼,3
信義安,3
curry,3
Ebisucurry,3
郎中,3
中華店,3
甘蔗,3
comida,3
KoreaFast,3
義樂,3
Ville,3
完餐,3
全日,3
油組,3
sPizza,3
創園,3
溫泉,3
跳舞,3
燒豚,3
徐家,3
元紅豆餅,3
袋子,3
兒子,3
區義式,3
My,3
鱈魚,3
花甲,3
花季,3
身為,3
大路,3
集點,3
魚大腹,3
一點點,3
先抽,3
號碼,3
悠哉,3
萬華早,3
拾年,3
面包,3
鈴薯,3
太陽蛋,3
中辣,3
四段,3
春城,3
懷寧街,3
聖誕樹,3
江東門,3
湛盧,3
KITCHEN,3
平成,3
阿圖,3
蘭庭,3
三禾,3
盧魚,3
Firewoodcafe,3
醉雞,3
爛透,3
茶入,3
茶藝,3
藥燉,3
潛艇,3
世祖,3
以雪爾,3
山姆,3
LABU,3
bu,3
運早,3
茉莉花,3
奶綠,3
龍口,3
威宇,3
徐州,3
號庭園,3
鍋貼,3
NALA,3
冰上,3
吉野家,3
心台灣,3
孫立,3
人將,3
官邸,3
泡泡,3
四顆,3
部位,3
氣炸,3
華王,3
確幸,3
艾搗蛋,3
清華軒,3
巷拉,3
狂愛,3
byCyrilleCourant,3
瑪德蓮書店,3
清水,3
Chic,3
AliceIsComing,3
Coming,3
郎哥,3
CampusCafe,3
痛風鍋,3
彥亭,3
丸壽司,3
Happyfatty,3
fatty,3
299,3
快餐店,3
魚丸店,3
鳳珍,3
阿才,3
精巧,3
紙本,3
李嘉興板,2
鹽水,2
信義路,2
鴨店,2
高人,2
歷久,2
二號,2
的確,2
每況,2
愈下,2
趕來,2
不明,2
指引,2
亮點,2
提味,2
國外,2
美金,2
豬肚,2
燉爛,2
安排,2
囂張,2
有位,2
打工,2
深怕,2
看見,2
差勁,2
從頭,2
想象,2
不肥,2
值得一提,2
还有,2
參雞湯,2
傳言,2
三重,2
加些,2
勾出,2
還可,2
一籃,2
場的,2
大開,2
浪得,2
虛名,2
停過,2
連觀,2
之光,2
總要,2
懶人,2
二十多年,2
樟茶,2
地道,2
大菜,2
再配,2
湯鍋,2
精華,2
完好,2
力量,2
首創,2
老火,2
東吳,2
蝦味,2
實蔥,2
有時,2
大熱門,2
三人行,2
必有,2
感恩,2
元多,2
雙主餐,2
北投,2
268,2
蒜頭,2
人餐,2
爽爽,2
重慶店,2
一抹,2
情懷,2
古文,2
超誘,2
餐包,2
三家店,2
美北車,2
安靜,2
CAFEdeGear,2
餐具,2
登記,2
候位,2
主動,2
還等,2
GEAR,2
中帶,2
輕食,2
家具,2
古董,2
優美,2
出租,2
試營,2
運中,2
東門美,2
難以,2
忘懷,2
一套,2
海藻,2
小干貝,2
基底,2
皮薄,2
各點,2
taipeifood,2
taiwanfood,2
這必點,2
皮包,2
排行榜,2
御用,2
餃皮,2
人口,2
之味,2
餃好,2
餃有,2
皮水,2
鮮香,2
綠綠,2
餃超,2
干貝綠藻,2
個頭,2
捷運必,2
板南線,2
回頭率,2
百百,2
薄皮,2
廳貓,2
一盞,2
偏少,2
最後有,2
乾乾,2
到後來,2
村風,2
近年,2
莫名,2
NT.30,2
NT.0,2
吃熱,2
搬新家,2
攤位,2
年古,2
九層,2
遺忘,2
短篇,2
平價鮮,2
屋雞金,2
或加,2
整潔,2
竹馬,2
出巡,2
蝦球,2
四季豆,2
這回,2
這道,2
變身,2
感親子,2
樓上,2
類別,2
養生餐,2
新亮點,2
真物,2
All,2
價厚切,2
319,2
黑胡椒,2
英國,2
名菜,2
169,2
159,2
高品質,2
鴨腿,2
全家,2
元平價,2
瘋狂,2
碎肉,2
至上,2
甚麼,2
手掌,2
半肥,2
半瘦,2
好心,2
方圓大師,2
圓鮮奶,2
原張,2
春涼,2
濃厚系,2
soso,2
元味,2
國光,2
喜宴,2
越貴,2
典型,2
豪氣,2
元桌,2
民以,2
萬歲,2
海港,2
維持,2
連結,2
清補,2
裡就,2
配到,2
免排,2
亞太,2
購物,2
操作,2
婚宴,2
絕頂,2
九種,2
無烟,2
撒粉,2
肉串,2
據點,2
一串,2
種材,2
幾張,2
放空,2
必來,2
很強,2
飄香數,2
個性,2
味龍潭,2
氣飯,2
韓國美,2
炒雜,2
雜菜,2
韓國飯,2
340,2
沒錯,2
店員們,2
耐心,2
規則,2
很熱,2
巨嘴,2
系餐,2
物主,2
照顧,2
跟貓,2
滿足感,2
269,2
是湯,2
湯雖然,2
雙倍,2
略低,2
當外,2
明白,2
飯淋上,2
華山必,2
憶中,2
文青飯,2
旁超,2
近善,2
熱門店,2
湯乾,2
不定,2
時有,2
必吃古,2
QR,2
選擇性,2
湯及,2
熊貓,2
仿土,2
不僅,2
提升,2
阿甘,2
170,2
同樣,2
雞高湯,2
完不會,2
口乾舌燥,2
隨著,2
帶脆,2
脆管,2
豆干,2
牛乳,2
金目,2
輕盈,2
豆芽菜,2
深刻,2
涼涼,2
戰區,2
木頭,2
控制,2
心滿,2
意足,2
再三,2
全部,2
氣養生,2
堆成,2
GoShare,2
Select,2
挑剔,2
真是太,2
雙月濟,2
伴手,2
年末,2
推紅燒,2
走路,2
地直,2
社善導,2
作漢堡,2
怎能,2
大漢堡,2
Take,2
TAKEOUT,2
無限時,2
時免,2
駐店,2
可愛店,2
魚的,2
格子,2
極度,2
可愛貓,2
單吃,2
幾塊,2
青椒,2
不太會,2
辣得,2
魔鬼,2
多國,2
費加飯,2
椰香,2
鋪公館,2
這吃,2
駐公館,2
冰磚,2
平板,2
吃炭,2
半碗,2
饅頭弟,2
大小事,2
香氣息,2
午後時,2
吵雜,2
小木斑,2
140,2
LadyM,2
區美古亭,2
文青氣息,2
之類,2
擺滿,2
下雨,2
傍晚,2
平時,2
繪本書店,2
幽靜,2
區域,2
null,2
本書屋,2
紅燒湯,2
太特別,2
粉蒸,2
過去,2
木瓜,2
公認,2
匯集,2
餃必,2
現桿,2
整理,2
產業,2
五年,2
一肚子火,2
純屬,2
熱豆漿,2
wenwen,2
移動,2
鮮現,2
個小時,2
不點,2
皮厚,2
夾油,2
條超,2
空心,2
最早,2
糙米,2
加蛋,2
SLIFE,2
美之旅,2
店華山,2
發票,2
化身,2
450,2
充滿樂趣,2
最狂,2
制無菜,2
單私,2
廚餐,2
街人氣,2
但裡面,2
失去,2
街上,2
配炸,2
先排,2
離開,2
南昌街,2
昨天,2
顯出,2
突然,2
臭頭腐,2
近南,2
現包,2
表皮,2
軟綿,2
號攤,2
的湯,2
第三次,2
你點,2
軌道,2
神農,2
底家,2
認識,2
薩摩牛,2
旋轉,2
寶盒,2
隨地,2
區餐,2
大同,2
醬料區,2
實驗,2
報到,2
大師賽,2
訓練,2
冠軍級,2
純粹,2
評比,2
那般,2
被譽,2
昂貴,2
小方桌,2
陌生人,2
要價,2
一見,2
標準,2
SOP,2
水洗,2
感到,2
順綿密,2
千里,2
Toshihiko,2
柑橘,2
KAKIGORITOSHIHIKO,2
氷專賣,2
葡萄柚,2
每一種,2
餐還,2
來碗,2
還想,2
愛玉,2
養生燉,2
2021.12,2
還沒店,2
湯油飯,2
秋冬,2
華人養,2
始祖,2
近善導,2
豐味,2
皆宜,2
在外,2
景點,2
張忠謀,2
湯料,2
寒冬,2
湯推薦,2
氣養,2
補品,2
美乾,2
蛤蠣湯,2
身體,2
訪率,2
滿料,2
合作,2
不下,2
魚蛤蠣,2
驚人,2
滋補,2
烏雞,2
心湯,2
雞油飯,2
北捷,2
浪費,2
金錢,2
不正,2
能品,2
三道,2
Wineshop,2
廈門,2
糟糕,2
愛了,2
兩盤,2
花大錢,2
八德,2
超鮮美,2
唯獨,2
挺快,2
價燒,2
人員臉,2
嚴選材,2
頂級材,2
海虎,2
暢飲,2
豪華海陸,2
願望,2
值極,2
脆口,2
瓦崎,2
民宿,2
三寶,2
之二,2
司機,2
台灣篇,2
三樣,2
通告,2
hold,2
風義式,2
配起,2
凱薩,2
獨立書,2
尋找,2
最有,2
季潤餅,2
原松,2
青潤餅,2
延伸,2
適合來,2
賽門,2
菜頭,2
完食,2
googlemap,2
咕溜,2
抱歉,2
早鳥,2
Line,2
BLinebyATrain,2
吃點心,2
少少,2
會覺,2
紐約,2
3546,2
鮮脆,2
算了,2
回頭,2
要給,2
韓武鍋,2
場景,2
模樣,2
跳躍的,2
臉紅,2
心跳,2
金蟹,2
更換,2
官網,2
廚評價,2
LV,2
整修,2
大升級,2
非業配,2
樣式,2
Kitchen2,2
2017,2
吃不出,2
包肥,2
廚有,2
同學,2
超親切,2
金家,2
光看,2
迪士尼,2
季甜點,2
玫瑰花,2
香芋,2
多樣化,2
優秀,2
蒸籠,2
愛來,2
單上,2
浙江,2
升天,2
但要,2
Sushi,2
村壽司,2
立吞,2
炸雞超,2
古厝,2
平房,2
隨性,2
豬油,2
差點,2
擂茶,2
晉江堂,2
飄著,2
老奶奶,2
新竹,2
隱家,2
金雞,2
豬肉鍋,2
不曉得,2
樂活,2
MENS30SLIFE,2
一期,2
一會,2
多達,2
菜脯,2
没有,2
爭相,2
過多,2
95,2
內飄香,2
遺憾,2
得夠,2
見證,2
七十多年,2
孕育,2
作家,2
ASTORIA,2
西點,2
Astoria,2
以來,2
薈萃,2
氣泡,2
海鮮品,2
fu,2
鍋外,2
帶外,2
蜂巢,2
老台,2
泡沫,2
系禽,2
試營運,2
變化,2
一體,2
事情,2
雅致,2
特盛,2
通庵,2
愛吃辣,2
愉快,2
競爭,2
激烈,2
球一攤,2
反正,2
來公館,2
那家,2
高一,2
南台,2
2.5,2
烹調,2
打破,2
大蒜,2
韓國白,2
鐘元,2
配蒜頭,2
正點,2
家現,2
魚君海鮮,2
魚君,2
海鮮鍋,2
880,2
蟹肉,2
美國產,2
780,2
翼板,2
一年,2
驚為,2
天人,2
正火,2
Beef,2
維都餐,2
西多士,2
可愛文青,2
包皮,2
路邊,2
每月,2
部曲,2
肯定,2
火大,2
新春,2
滿滿芋,2
頭控,2
香精,2
年節,2
冰心,2
燒臘飯,2
恰到,2
鹽巴,2
苦苦,2
121,2
開業,2
比別,2
漲到,2
條通,2
油亮亮,2
不香,2
一波,2
通鰻,2
點菜,2
送菜,2
送錯,2
回答,2
完超,2
通老字號,2
最紅,2
婦羅,2
提到,2
七條通,2
湯不錯,2
德克士,2
各國,2
臨近,2
六種,2
橋店,2
一夏,2
98,2
王者,2
兒童,2
一張,2
這點,2
熱熱,2
好過,2
進化,2
佳餚,2
補菜,2
Petit,2
France,2
女孩子,2
適合給,2
Menu,2
別鬧,2
拍攝,2
夜總會,2
傳奇,2
美強,2
小公園,2
新選擇,2
轉角處,2
最快,2
隊雞肉,2
雞皮,2
切片,2
2305,2
000,2
nanjichangnightmarket,2
nightmarket,2
4foodieforfoodie,2
白切,2
元南,2
肉皮,2
跳跳,2
聽過,2
底部,2
文章,2
reurl,2
cc,2
仁愛路,2
拿到,2
百味,2
憑學,2
生證,2
瓦煲,2
240,2
過頭,2
茶現,2
骨髓,2
檳城,2
香茅,2
肉感,2
毫不,2
大馬,2
偏辣,2
MrCheeKopitiam,2
鴨公館,2
溫潤,2
人必,2
Yellow,2
下酒,2
首間,2
BurgerYellow,2
新幕漢堡,2
202,2
超滿意,2
每一樣,2
舒暢,2
未來,2
超驚,2
櫻桃,2
人食,2
規中矩,2
微風二樓,2
抓住,2
排名,2
當好,2
豬肋,2
入手,2
Michelin,2
華國大飯,2
興鐵板燒,2
自慢,2
HAPPY,2
LEMON,2
翡翠,2
店來,2
廳山,2
第一排,2
美學,2
漫步,2
欣賞,2
Polly,2
波莉,2
兩層,2
MOUNTAINKIDS,2
城區,2
實現,2
尊重,2
不受,2
作為,2
疫情,2
Midtown,2
接待,2
靠近,2
採光,2
這輩子,2
挑高,2
美超,2
理由,2
非吃不可,2
飯團,2
三統漢,2
三重奏,2
鳳凰,2
資深,2
茶湯,2
雞汁,2
湯好,2
公寓,2
壹森泰堂,2
密汁,2
777,2
多家,2
烤箱,2
金猴,2
園旁,2
慢燉,2
薩拉雞,2
意猶未,2
熱湯,2
評不斷,2
懷石,2
高顏值,2
TheGuestHouse,2
鍋青島,2
498,2
椒鍋,2
超美,2
肥嫩,2
免收,2
先說,2
最後點,2
一壺,2
改進,2
中國風,2
超爽,2
東雛菊菜,2
做成,2
慈禧太后,2
養顏,2
烏梅汁,2
中國,2
藝術品,2
蟹黃湯,2
牛油,2
三十,2
送龍,2
暹羅,2
水節,2
爽快,2
南美,2
Polleria48,2
正中,2
正紀念堂,2
姐妹,2
聚聚,2
野蔬,2
驚訝,2
嘴豆,2
優格醬,2
需加,2
290,2
週五,2
回顧,2
班尼,2
280,2
偏重,2
美賣,2
好場,2
服務有,2
淡雅,2
濃香,2
台中,2
中興,2
廳濟,2
坪林,2
校友,2
sogood,2
豆豉,2
實炸,2
洋堂,2
同行,2
燒鵝,2
日月潭,2
茶葉,2
十順口,2
皮肉,2
金磚,2
豐腴,2
推車,2
一鴨,2
暢饗,2
金片,2
受道,2
絕口,2
奶豆腐,2
肉者,2
歡樂,2
女僕,2
炒餅,2
甜蛋,2
198,2
donut,2
Logo,2
之作,2
筍絲,2
8.0,2
膠原,2
鄭記豬,2
dcard,2
girlstalk,2
業超過,2
騎樓,2
庫飯,2
竹筍,2
尚家,2
很足夠,2
郵政,2
總局,2
Wings,2
氣豬,2
扇貝,2
要配,2
出去,2
成正比,2
肌豬,2
位捷,2
趁熱,2
的還,2
一出,2
騰堂,2
包茶,2
剛出,2
吃出,2
賢夫,2
計價,2
必買芋,2
每一塊,2
爆餡,2
太強,2
冰沙,2
店終,2
開幕,2
蘇式,2
最愛吃,2
窗邊,2
加油,2
久坐,2
GinGinCoffee,2
105,2
糖霜,2
很會,2
歐姆蕾,2
蛤仔,2
鄉民激,2
雞絲,2
油膏,2
帶骨,2
畢竟,2
透明,2
和民,2
標竿,2
黄龍莊,2
街平,2
價版鼎泰,2
豐小籠,2
平價版鼎,2
Mae,2
填飽,2
飯菜,2
不營業,2
流淚,2
義境,2
萬般,2
地義,2
登飯店,2
魏德聖導,2
文空間,2
古電影,2
週末,2
pixnet,2
net,2
blog,2
post,2
黯然消魂,2
魏德聖,2
文青雜,2
兒時,2
區的,2
Realguts,2
一來,2
DOZE,2
專門,2
雞鍋,2
黑毛,2
阿根廷,2
鼎豐,2
bonniesugar,2
BONNIESUGAR,2
系甜點,2
美炸,2
正夯,2
值較,2
動線,2
還給,2
辛苦,2
氣甜點,2
話題,2
小豬,2
阿姆,2
bakery,2
日香,2
富錦樹,2
極簡,2
價格略,2
百種,2
CIAO,2
悠閒午,2
栗子,2
溫暖系,2
三店,2
坐落,2
Halfcoffee,2
半室,2
HalfCoffee,2
訂婚,2
PTT,2
der,2
半賣,2
現擀現,2
蛋耍,2
實力,2
皮脆,2
多元化,2
超威,2
很過,2
溫州店,2
現代感,2
不訂,2
適合想,2
接下,2
定位,2
注重,2
保障,2
確定,2
原汁,2
八十,2
威士忌,2
事實,2
那個量,2
肉肉控,2
喝湯,2
骨湯,2
一律,2
深得我心,2
八寶炸醬,2
蒜味,2
市場節,2
久久,2
指標,2
國賓,2
繼市場,2
nice,2
太難,2
小飯,2
你好,2
YAYOI,2
男女,2
老少咸宜,2
皇高雄,2
香滑,2
導致,2
還說,2
湯較,2
漁港,2
料裡,2
一早,2
儲備,2
旅店,2
住宿,2
小偷,2
超彭湃,2
氣必,2
帶店,2
超豪華,2
止不住,2
給料,2
飯超,2
水雞,2
米塔,2
定餐,2
人略,2
牛豬,2
少人,2
新型,2
熊熊,2
大海,2
來個,2
好大,2
慶三號,2
倉庫,2
日子,2
破百,2
發燒,2
特色小吃,2
陽光,2
Wi,2
Fi,2
灰色,2
著古,2
解封,2
肉有,2
不大,2
有限,2
低溫,2
鱷魚,2
切南,2
國宴,2
起司鍋,2
到現,2
周圍,2
小湯圓,2
街芋頭,2
四種料,2
耶果,2
選出,2
偏好,2
熱甜湯,2
綿密芋,2
太小,2
女兒,2
要命,2
好意思,2
之後再,2
只好,2
忙碌,2
平價肉,2
小滿,2
會議,2
留下,2
脆雞,2
拋雞,2
正向,2
客戶,2
仍然,2
剩食,2
不浪費,2
洋餐,2
滿載,2
優良,2
喬喜,2
陣陣,2
一支,2
送禮,2
燕窩,2
開封街,2
山東,2
有七個,2
混合,2
成份,2
一項,2
利器,2
08,2
邰哥,2
人多,2
點太多,2
絕妙,2
新增,2
草頭西,2
肉桂粉,2
糕點,2
輕工業,2
簡約風,2
區北車,2
輕館,2
豹紋,2
合情,2
殿堂,2
街內,2
調味重,2
很重,2
十元,2
桂冠,2
課程,2
烹飪,2
點錯,2
喝杯,2
4.8,2
金時,2
挫冰,2
心頭,2
頭燒,2
博愛路,2
吃燒,2
芋頭塊,2
真想,2
蜜芋頭,2
郵局,2
只營業,2
肉圓南,2
售完,2
吃個,2
萬華南,2
支付,2
夾肉,2
醬燒,2
料理台,2
討厭,2
飛鏢機,2
世足賽,2
Pong,2
娛樂,2
乒乓,2
遊戲,2
PONGConnect,2
玩遊戲,2
PONG,2
清潔費,2
石二鍋,2
章魚,2
霸味,2
原公賣局,2
四天,2
網上,2
小學,2
co,2
JBAFITNESSCUISINE,2
FITNESS,2
CUISINE,2
高蛋白,2
減脂,2
棉被,2
午茉綠,2
千萬,2
內容物,2
念念不忘,2
兩款,2
應有,2
老實,2
熱賣,2
打烊,2
包進,2
best,2
Pasta,2
級主廚,2
肉末,2
技術,2
北歐,2
用平,2
實價格,2
慕名,2
而來,2
費加,2
一攤,2
點半,2
Grotta,2
杏仁,2
jupjup,2
需求,2
JupJup,2
美酒,2
jup,2
japjap,2
敲級,2
外國人,2
Japjapbikini,2
Jap,2
海洋,2
jap,2
風輕,2
意大利,2
桌邊,2
IKKI,2
浴衣,2
春季,2
花見,2
給你,2
一新,2
新式,2
邊邊,2
特大,2
1976,2
人員,2
極推,2
粉色,2
微兜京,2
超夢幻,2
幻餐,2
金色,2
明天,2
隨你加,2
粉漿,2
蔥蛋餅,2
阿公,2
速度慢,2
頻頻,2
好禮,2
等等,2
上來,2
店長,2
鍋半價,2
美瓦法,2
辣辣的,2
還再,2
Good,2
來店,2
漸層,2
今夏,2
衝突,2
道菜,2
人點,2
兩份,2
乾鍋,2
NT,2
ll,2
海陸鍋,2
中西餐,2
餐送,2
聖代,2
改版,2
勾芡,2
點別,2
帳號,2
甜到,2
低銷,2
偶像,2
鄉地,2
很貴,2
銀行,2
專屬,2
運北車,2
狹窄,2
全世界,2
跟本,2
四道,2
運用,2
Dudu,2
炸豆腐,2
一訪,2
花時間,2
TimhowanTaiwan,2
Timhowan,2
風靡,2
台灣添,2
全點,2
Bonbon,2
挺好吃,2
點油,2
減少,2
胃王,2
漢口,2
原博愛路,2
阿春姨,2
湯古,2
同個,2
店址,2
為何,2
尚家香,2
三時午,2
排排,2
Little,2
大客,2
爺爺,2
超溫,2
燒紅葉,2
第三代,2
必吃涼,2
店捷,2
橋下,2
47,2
春水,2
堂大,2
價廉,2
新鮮材,2
立家,2
湖州,2
夏慕尼,2
香榭,2
hen,2
仔細,2
很療,2
絢麗,2
美氣,2
包烤,2
熟度,2
2368,2
請客,2
聖誕節,2
Xiang,2
Se,2
中古,2
豬豬,2
錯亂,2
時空來,2
古法國,2
仔湯,2
暖冬,2
包餡,2
MiMi,2
怪舒,2
MonsterSouffle,2
圖片,2
適合點,2
以往,2
澡盆,2
值不高,2
堪稱,2
里昂,2
價早,2
甜滋滋,2
古法,2
人欲罷,2
早安,2
延平,2
活潑,2
手卷,2
南門店,2
春節,2
假期,2
BEARD,2
PAPA,2
活龍,2
俗擱,2
兩倍,2
進門,2
MatchaOne,2
Matcha,2
引進,2
Dessert,2
SomtumDer,2
青木瓜,2
氮氣,2
冷萃,2
比拳頭,2
此生,2
KONO,2
NO,2
慶祝,2
酪梨鮮,2
麻煩,2
蝦肉,2
鯖魚,2
鬼滅,2
服務品,2
放著,2
結論,2
店幕,2
超愛的,2
冷冷,2
冠軍拉,2
宮格,2
隱藏美,2
GOOGLE,2
偏低,2
餅乾,2
區桌遊,2
女友,2
甜而不,2
檸檬片,2
有事,2
得以,2
整天,2
抱怨,2
士林,2
有豬,2
屋館,2
桃園,2
T台,2
展店,2
SGP,2
IN,2
外賣,2
風味鍋,2
單有,2
焦脆,2
無線,2
年底,2
點選,2
餐券,2
最後解,2
釋權,2
hotpot,2
鍋裡,2
牛編,2
2000,2
真空,2
消費滿,2
創美,2
前先,2
洗手,2
關心,2
肉多到,2
絡繹不絕,2
TheCafeist,2
如何,2
超澎派,2
點到,2
INTERMISSION,2
中場,2
五金,2
Caviarcaf,2
柴店,2
遵循,2
濃抹,2
飲店,2
RoyalHost,2
祥美,2
MiNi,2
好菜,2
種風味,2
人體,2
GI,2
焦點,2
柚子,2
過期,2
晚間,2
进来,2
我们,2
东西,2
不起,2
雞肉義,2
三娘,2
可愛狸,2
貓杯,2
厭世臉,2
超可愛,2
插頭免,2
一保堂,2
NUKIcoffee,2
透天,2
光華喇舌,2
商場裡,2
魚酥,2
近光華,2
東方霸,2
那堤,2
醇厚,2
生命,2
Hotel,2
RichDaddycafe,2
粉紅,2
木造,2
喜愛,2
波波,2
黛莉,2
球池,2
94,2
盡情,2
曝光,2
另計,2
牛雙,2
緊來,2
A8,2
想將,2
價格實,2
林口,2
OUTLET,2
油味,2
微風店,2
嚴重,2
美終,2
2F,2
牧牛,2
CAS,2
湯必點,2
中排,2
台中人,2
提案,2
FADENFASA,2
烤布蕾,2
igfood,2
遇上,2
ChezNousCafe,2
檸檬生,2
汽水,2
油炒,2
選餐,2
SibafuShokudou,2
物有所值,2
帽子,2
區新幕,2
清酒,2
泡水,2
御園,2
冠軍水,2
餡多,2
腱子,2
骨肉,2
梅子,2
百年老,2
人氣親,2
1MINI,2
色相,2
這必,2
多方,2
吵架,2
口福,2
态度,2
TMD,2
对付,2
飲車,2
花芝丸,2
帶路,2
光華必,2
體來,2
城堡,2
廁所,2
老人家,2
OromoCafe,2
放棄,2
莫名其妙,2
開門,2
香蒜,2
易牙居,2
再點,2
蔥油餅,2
美介紹,2
灣大學,2
壓力,2
魚介系,2
搶眼,2
teru,2
霜花,2
心動,2
入座,2
打包,2
今年,2
橘村,2
李豬,2
不停,2
AFabulesDay,2
拉花,2
夜貓子,2
不去,2
好個,2
補充,2
事先,2
保有,2
大道,2
空洞,2
昭和,2
古物,2
美老,2
凱薩大飯,2
寶島,2
別處,2
買五送,2
全國,2
HEARTBREADANTIQUE,2
Heart,2
有感,2
ShishlikPitaxkebab,2
ShishlikPitaxKebab,2
Shishlik,2
揪團,2
工讀,2
茶品,2
厚厚,2
TREESBREAD,2
跌倒,2
當伴,2
喝水,2
小農,2
韓醬,2
牽絲超,2
釜山,2
58,2
地利,2
沾手,2
起司條,2
熱量,2
濃厚豚,2
硬度,2
茗茶,2
Flovie,2
花漾,2
-----,2
意想不到,2
票選,2
一去,2
明蝦,2
吃吐趣,2
惡劣,2
赤肉,2
香噴,2
太學口,2
超飽足,2
魚親,2
魚握,2
相仿,2
沒事,2
FBurger,2
比賽,2
上癮,2
組合餐,2
湯還,2
索菲烤,2
林青霞,2
白醋,2
Lao,2
Deng,2
新風貌,2
Catalina,2
越光米,2
街周,2
求婚,2
重量,2
厚到,2
巷內,2
高高,2
EbisuKitchen,2
近南門,2
谷得,2
變美麗,2
堂華山店,2
特展,2
碌碌,2
炭燒,2
就會,2
麻雞義,2
文青餐,2
CoffeeLab,2
Coffeelab,2
一喝,2
吉特,2
訂購,2
甜味,2
巴桑,2
口氣,2
老師,2
thaithai,2
四餐,2
南方,2
棺材板,2
張鍋,2
沒有湯,2
搞定,2
巷貓,2
京畿道,2
心思,2
裝修,2
形狀,2
寧波店,2
避風塘,2
看不到,2
小旺號,2
饅頭,2
老爹,2
區漢口,2
攤車,2
袋裝,2
香蘋,2
節約會,2
平價道,2
骨風味,2
BATAVIA,2
OOTOYA,2
體驗試,2
贈獎,2
大樓裡,2
方里長,2
ElSabrosoMexicanFood,2
朝鑫壽司,2
專注,2
濃白湯,2
之華小劇場,2
雞叉燒,2
口中,2
mPASTA,2
鋼鐵人,2
總統府,2
手刷,2
不澀,2
師大甜點,2
尾巴,2
詳細,2
茶類,2
完整版,2
燒羅勒,2
三貫,2
不馬虎,2
特選,2
時代店,2
09,2
婆婆,2
Sushiro,2
西門店,2
熱的,2
少算,2
sushi,2
208,2
包是,2
Daylight,2
當家,2
LIFE,2
肋排,2
站餐,2
登大廳,2
Only,2
大湖,2
光明正大,2
初聲,2
已將,2
人氣照,2
燒雞,2
加熱,2
號公館,2
LiangLiangHao,2
SHABU,2
shabu,2
台鐵便,2
當本,2
台灣古,2
時期,2
流沙,2
奶皇西,2
多士,2
DB,2
體驗店,2
前生,2
啤買,2
反胃,2
悠久,2
內肉,2
花布,2
均勻,2
街東門,2
客食,2
麻乾拌,2
牛肉乾,2
隱藏菜,2
春花,2
ThePrimrose,2
餐酒,2
嶄新,2
JinGiMoo,2
墨雨,2
市區,2
盛夏,2
楊大,2
強雞肉,2
鍋燒,2
紐奧良,2
原以,2
比德,2
區伴,2
街伴,2
街牛,2
蛋餃,2
南山,2
巨霸,2
猛毒,2
五色,2
完湯,2
詩篇,2
圖書館,2
新北好,2
暖呼呼,2
謝師宴,2
CheckersBuffet,2
有水準,2
條肉,2
POKE,2
花月嵐,2
ChantChantCafe,2
不定期,2
舉辦,2
Jolly,2
老樹,2
上鼎軒,2
奇異果,2
Tamping,2
填平,2
瓦城,2
不像,2
黑芝麻,2
韓堂,2
點麻小面,2
黛黛茶,2
DailyDae,2
OOHCHACHA,2
Cha,2
生魷魚,2
羊駝,2
六韻,2
炸雞定,2
UCC,2
難忘,2
萬隆,2
杭門市,2
三倍,2
區早,2
信義,2
LabuCaf,2
可愛法鬥,2
法鬥,2
弄裡,2
秘藏,2
傑利,2
步調,2
三寶飯,2
地人激,2
金泰,2
天晴,2
泡茶,2
克萊兒,2
一隅,2
氣平,2
不愧,2
關鍵,2
曉堂,2
模特,2
凱渥,2
落腳,2
Dimdimsum,2
利起士,2
黑叉,2
太少,2
EBISU,2
阿順,2
陸軍聯誼,2
一貫,2
乃葉,2
甜美,2
以利,2
牛肉面,2
四星,2
台版,2
店翠庭,2
控快,2
Tasty,2
不易,2
鎮江,2
街意,2
蓋飯,2
班長,2
波蘿堡,2
上課,2
南門市,2
裡吃,2
超牽絲,2
特區,2
ALCICCHETTO,2
AL,2
CICCHETTO,2
劑院,2
慕軒,2
獨鍋,2
廚神,2
許堂仁,2
吉野,2
飯堂,2
濃湯頭,2
JustLoveCurry,2
sugarbistro,2
柬埔寨,2
細膩,2
三米,2
法籍,2
CafeMadeleine,2
石頭鍋,2
經理,2
走出,2
風鍋,2
底費,2
西區,2
海壽司,2
輝煌,2
阿剛,2
附甜點,2
喳喳,2
NICETHAIFOOD,2
滑板,2
獨吧,2
紅樓,2
東家,2
町夢幻,2
加里曼丹,2
TAKAO1972,2
攜帶,2
店集,2
宴席,2
公館動,2
CAMPUSCAFE,2
蝦鍋,2
新鮮果,2
公巨無霸,2
豬拌,2
刷卡,2
雅方,2
燕丸,2
老張,2
曾師,2
兄鍋,2
原曾,2
延續,2
沛洛瑟珈,2
實體,2
福餅,2
滿福堂,2
柒號,2
老蕭拉,2
鴨主廚,1
爸超,1
愛鹽,1
吳記,1
正記,1
夠格稱,1
李嘉興,1
當羅斯福路,1
開業數,1
早期,1
自從,1
近幾年,1
口腹,1
區有,1
股尿味,1
趕去,1
哪魯肉,1
顯結,1
帳時,1
連總金額,1
傻傻的,1
進觀,1
光書,1
過譽,1
魯蛋魯,1
有点咸,1
不軟,1
醬瓜,1
肉庚湯,1
必朝聖,1
必吃魯肉,1
魯鴨蛋,1
筍乾,1
太濕,1
黏軟爛,1
豬肚湯,1
推控肉,1
飯並,1
誇大,1
迅速,1
太差,1
臭臉,1
玩然,1
餐然,1
單拿過,1
給員工,1
單放,1
收東,1
西然,1
沒讀,1
書不會,1
看國字,1
我往,1
單才,1
親身,1
瞧不起,1
出来,1
一点,1
那个,1
卤汁,1
下饭,1
卤蛋,1
特别,1
之后,1
解腻,1
兔子,1
酱料,1
乱加,1
選在,1
點避開,1
就餐,1
點來,1
首先,1
切成,1
小條,1
很懷疑,1
飯上,1
附一塊,1
醃黃瓜,1
咬了一口,1
大大的,1
沒網,1
數家魯肉,1
其肉味,1
參味,1
濃淡,1
枸杞,1
這湯,1
補平,1
安慰,1
價格來,1
本次,1
含稅,1
開發票,1
人員邊,1
檳榔,1
邊上,1
用過,1
很衛生,1
觀光區,1
打理,1
眼界,1
傳言大,1
現實,1
盛名,1
美觀,1
多魯肉,1
遠近,1
馳名,1
大台北,1
鴨蛋,1
每過,1
一陣子,1
2070325,1
OpenRice2016Top10,1
控肉販,1
魯肉販,1
頭髓湯,1
五大,1
鼎邊,1
香而,1
隊美古,1
肥死,1
怨尤,1
斯福,1
油膩膩,1
鳳梨雞湯,1
出外人,1
太郎,1
淮揚,1
單是,1
淮陽,1
二訪川揚,1
藍象廷,1
泰鍋,1
種泰國,1
菜超,1
報報,1
生菠蘿,1
雞雞,1
湯當,1
將火鍋,1
推向,1
高層次,1
輾壓,1
血豆腐,1
這鍋,1
蛤蛤蛤神,1
鮮鍋,1
超鮮,1
功力,1
神仙,1
鍋湯,1
20%,1
特熬,1
燒厚餅,1
受不了,1
跨年,1
升旗,1
老煙槍,1
市面,1
工夫,1
大學生,1
吃十幾,1
吳城區,1
部美,1
懷年,1
噴噴乾,1
扁食,1
推滿滿,1
沒賣,1
言語,1
及時,1
當人,1
附營業,1
很常買,1
鮮綠脆,1
三份,1
即贈,1
重南店,1
炸多肉量,1
超湯頭,1
彭湃,1
寵愛你,1
加元,1
多份,1
元變,1
優惠低,1
折比,1
盤肉,1
種超,1
集團樂,1
牛無菜,1
包蟹,1
加海鮮超,1
心服,1
節慶,1
別說,1
服務堪,1
粉紅店,1
裝可愛超,1
服務貼,1
心大升級,1
店環境,1
肉控,1
叢林感,1
肉盤,1
回不去,1
市面上,1
普遍,1
石膏,1
凝固,1
般滑,1
豆味,1
六十年代,1
電鍋,1
水中,1
香古,1
板橋店,1
板橋,1
喧囂,1
旁靜謐,1
餐點佳,1
佳裝潢,1
音樂好,1
獨棟,1
留著,1
樣貌,1
流行,1
CAFEDEGEAR,1
草地,1
cafedegear,1
買給,1
休憩,1
庫克,1
一角,1
優美舒適,1
清潔,1
說會,1
閒晃,1
將近,1
時後打,1
回店,1
打過,1
沒接,1
劃掉,1
不離身,1
一通,1
接到,1
就代,1
已過,1
顛峰,1
擦乾,1
館午,1
deGear,1
台鐵,1
烘蛋表現,1
推充,1
滿歲,1
痕跡,1
大鐵門,1
GOOD,1
獨特韻味,1
鐵櫺,1
窗格,1
印襯,1
洋芋,1
梨果,1
帶甜,1
午後相約,1
友伴,1
maychung,1
清亮,1
綠洲,1
古交,1
滿宅,1
物件,1
老件,1
盎然,1
宅邸,1
竹圍,1
氣東門,1
隱藏版大,1
場美,1
哪家,1
回購,1
有三種,1
海鮮味,1
裡頭,1
還看,1
鼻而來,1
韭黃及,1
餡不多,1
多得是,1
彈牙感,1
百搭,1
酸度,1
十推薦,1
區濟,1
2321,1
4693,1
dumplings,1
著小太陽,1
howsayhow,1
susu,1
wonder,1
walkerland,1
kadokawa,1
yummyday,1
fooder,1
隊水餃,1
冷凍水,1
餃外,1
冷凍宅,1
配水,1
餃濟,1
訪巧,1
口腔,1
氣水餃,1
美干,1
貝綠藻,1
包裹,1
祖母,1
耀眼,1
譽為,1
綠干貝水,1
菜香,1
餃鮮,1
每到,1
愛干貝,1
餃料,1
怕怕,1
餃絕,1
生水,1
北商,1
包水,1
阿薄郎,1
more,1
優雅調,1
深不見,1
夜街裡,1
浮動,1
早澤台,1
泥蛋,1
餅還,1
控與芋,1
泥控,1
成河,1
起司夠,1
油耗,1
泥巴,1
沼澤,1
MorningSwamp,1
早澤吃,1
窮到,1
土請,1
嚴選茶,1
葉小農鮮,1
衝啊,1
放久會,1
驚艷甜,1
不會膩,1
有點慢,1
0.5,1
morningswamp,1
魚牽絲,1
早澤大,1
迷迭香,1
早澤鐵板,1
花圍,1
超犯,1
規起司,1
逐漸,1
商家,1
售價,1
尾新,1
鮮鮮,1
收工,1
寒暄,1
幾句,1
蒜水,1
NT.80,1
顆是,1
吳鍋魚,1
用九層,1
土腥味,1
台電風,1
FB,1
Ching,1
吃現,1
氣超,1
湯從,1
整尾吳,1
郭魚,1
銅版,1
配碗,1
塔香鮮,1
湯善,1
湯善導,1
湯店,1
甜魚,1
南路平,1
小漲,1
上帝,1
同在,1
之極,1
內利,1
絕的,1
超多料,1
韓國辣,1
是還,1
快價格,1
韓式定,1
宮保,1
牛柳,1
宮保雞,1
老主顧,1
正上方,1
訪小魏,1
恭迎,1
回國來,1
這就,1
尷尬,1
點完常,1
記點,1
區適合,1
家家酒,1
機率,1
好物,1
蟲飯,1
寬廣,1
小太陽,1
書房,1
放心,1
作成,1
品出,1
材真,1
永豐餘生,1
技之農人,1
有帶,1
親子館,1
一區,1
絕佳地,1
永豐餘,1
感場景,1
還做,1
貴小,1
貼士,1
街店,1
火鍋式,1
FarmTable,1
阿豬媽,1
439,1
胖妞,1
小孩子,1
控吃,1
系東門,1
材早,1
系早,1
最平,1
超火紅威,1
出示,1
感滿,1
要花,1
美吃,1
挑戰全,1
最愛大,1
感滿滿,1
平價厚切,1
免費用,1
重組肉,1
值大塊,1
加附,1
帝寶店,1
生超,1
35oz,1
牛郎,1
四神織,1
鵲橋,1
好貴,1
人物,1
反差,1
殺氣,1
我都點,1
其本體,1
最熱賣,1
台版手,1
撕豬,1
肉漢堡,1
白胖,1
加量,1
美藍家,1
TaiwanHanburger,1
配撞奶,1
並列,1
二十七年,1
條略,1
粗量,1
湯讓,1
阿春涼,1
念舊,1
粗暴,1
原阿春涼,1
即將,1
月初,1
路新東,1
小聚,1
龍腸,1
蒜苗,1
烏骨養,1
生雞,1
湯白,1
鯧魚,1
不虛傳,1
青海,1
桌菜加,1
氣海鮮,1
人山人海,1
......,1
東南,1
8000,1
天之遊,1
氣不限時,1
CoppiiLumiilivingcoffee,1
觀察天,1
龍國度,1
living,1
宜客樂,1
福朋喜,1
六訪,1
文含,1
宅經濟,1
烏參,1
醃篤鮮,1
應要,1
詳細介紹,1
料頭,1
進軍網,1
獨創,1
國宴級,1
菜餐,1
鮑瑤柱,1
雪耳燉,1
美妍湯,1
氣宅,1
料免,1
福虎嘯春,1
五品,1
吉祥,1
三品,1
小家庭,1
團圓,1
溫馨感,1
飄香道,1
菜味,1
獨道,1
菜現,1
節巴結,1
宴會,1
八結,1
天下,1
深受,1
鄉村父,1
親節,1
鄉村濟,1
烤方,1
滿兩千,1
抽萬,1
廣宣,1
阿玉,1
楓漢方,1
激推金,1
價串燒,1
獨特漢方,1
燒漢方,1
獨家漢方,1
各大,1
強調,1
無煙燒,1
將中藥,1
材放進,1
粉裡,1
帶串,1
燒店,1
連林,1
莎莎,1
蘇打,1
狂激,1
燒香,1
帶有炭,1
燒豆漿,1
碎冰,1
碳燒,1
一帶,1
獨賣,1
最愛傳統,1
店內店,1
外永遠,1
豆腐花,1
飄焦,1
涼到,1
心坎,1
採訪,1
菜子,1
手札,1
帶著微,1
綿潤化口,1
加辣超,1
2022.9,1
氣攤位,1
紫菜,1
首爾,1
可親,1
近狐,1
鳥和貓,1
切達,1
淋到,1
更重,1
小時候,1
插下去,1
化開,1
香炸,1
魚條,1
麥當勞,1
魚堡,1
炸香蔥,1
點唷,1
飲品濃,1
210,1
靜岡,1
跟濃,1
大杯,1
鮮檸檬,1
消為,1
需一人點,1
每一,1
可愛很溫,1
可愛的狐蒙,1
公一母,1
講述,1
小動物們,1
採線,1
之後會,1
開放,1
事前,1
東門療,1
心照,1
顧動物,1
跟狐,1
度過,1
嘴大嘴,1
狐蒙,1
萌約會,1
題餐,1
毛孩子,1
除菌,1
噴霧,1
近距,1
離接觸,1
的將,1
帶去,1
接觸,1
很能,1
敞開,1
心胸,1
給予,1
愛和,1
交流,1
獅子,1
王裡,1
丁滿,1
現身,1
親密,1
超級療,1
湯任,1
你裝,1
白飯給,1
很受,1
評必點,1
些微,1
肉塊,1
真得,1
小球,1
辣根,1
超小片,1
清如水,1
湯是則,1
罕見,1
地濃,1
料超,1
喝免,1
初牛厚切,1
金六,1
兩豬,1
牛改,1
鮑菇,1
新張,1
出擊,1
近水博館,1
適合小鳥,1
不太高,1
新幕厚切,1
可便,1
Joyce,1
尚樂活,1
古台灣,1
蝦仁給,1
最特別,1
家點餐,1
用手,1
機點餐,1
碩大,1
仁新鮮,1
錦上,1
添花,1
不可不,1
平價見,1
社群,1
青商,1
行善,1
風文,1
青小館,1
惡蛋,1
細節,1
上常,1
激推蔥,1
味爛肉,1
出奇,1
必定,1
加好,1
加滿,1
滿溢蔥,1
早味炸,1
火紅文青,1
免費涼,1
沒關,1
滿桌,1
味文青飯,1
美館,1
魯花,1
館店,1
通化街,1
館捷,1
切文青,1
時出,1
code,1
帶辣度,1
粉狀,1
MoonMoonFood,1
盛事,1
落幕,1
恭喜,1
度蟬聯,1
必登,1
超愛雙,1
雞騷味,1
每早,1
小珠,1
高山,1
大幅,1
鮮美度,1
比干貝燉,1
入湯,1
不燥熱,1
重本,1
成色,1
濕度,1
內臟,1
幾道,1
好腸,1
韌中,1
脆生,1
豬的輸,1
卵管,1
彈中,1
是豬,1
動脈,1
血管,1
兩塊,1
花干,1
豐沛,1
進貨,1
燙後淋上,1
毫無,1
當之無愧,1
排是,1
補身體,1
養身體,1
過頭會,1
雙月將,1
調理,1
雞絲飯,1
彈雞,1
凍皮,1
仿土雞,1
條塊,1
一匙,1
並灑,1
炸紅蔥,1
油後香氣,1
嗅覺,1
滑溜,1
許青蔥,1
微麻,1
激盪,1
一陣,1
很常點,1
不會酸,1
皺眉頭,1
愛玉滑,1
順古溜,1
非雙,1
莫屬,1
更非,1
溫和開,1
米白,1
暖色,1
盡量,1
提早到,1
向隅,1
價格超,1
過絕,1
對會,1
美外,1
各店,1
家箱,1
北餐,1
湯連,1
另販售,1
禮禮盒,1
可宅配,1
湯中,1
為出,1
發點,1
材產地,1
送台,1
美鮮美,1
首選升級,1
新鮮產,1
社新,1
湯首選,1
探病,1
產後術後必,1
整片,1
金雙月品,1
新鮮手,1
做現,1
銷魂漢堡,1
蘿勒炸,1
雞大口,1
可愛環境,1
莎莎漢堡,1
美有,1
有手,1
懶貓,1
俠女,1
愛吃漢堡,1
out,1
站漢堡,1
必訪貓,1
風格貓,1
緊臨,1
貓守護者,1
試吃,1
皮子,1
Out,1
CV,1
質漢堡,1
第二家,1
UberEATS,1
親人,1
貓兒,1
排烤,1
吃馬鈴薯,1
豬方堡,1
有方,1
堡後來,1
點漢堡,1
有漢堡,1
哈哈哈哈,1
最後他,1
乖乖,1
各人,1
解體,1
美中,1
參雜,1
吃掉,1
嫩嫩的,1
人比,1
數偏,1
想讀,1
來歐,1
坐起,1
客美多,1
Komeda,1
sCoffee,1
連鎖輕,1
銅鍋,1
加飯加,1
鴨子,1
加到,1
MagicCurry,1
加錢,1
太超過,1
飯免,1
排免,1
變味,1
果香,1
訪免,1
費續,1
飯續,1
版上紅,1
網美視,1
覺系,1
冰必點,1
鋪進,1
控衝,1
Ft,1
美菜,1
店員為,1
位會,1
蛋豬,1
排鍋定,1
豬雙,1
現場點,1
餐現,1
點定,1
能續,1
完飯,1
續點,1
干貝鋪,1
屋微,1
風北車,1
白米,1
每家,1
花魚,1
木盒,1
氣文青,1
方城,1
新樣,1
往常,1
繪本書屋,1
119,1
hkshun,1
二手,1
閱讀,1
漫著書,1
人受,1
閒聊,1
水杯,1
想嘗試,1
培茶,1
花果,1
飄逸著,1
奶油味,1
完不會膩,1
茶味超,1
來嘗試,1
榛果,1
闃靜,1
釋出,1
泥千層,1
童書,1
文青書房,1
必吃千層,1
許多明,1
細片,1
小物,1
並帶,1
夏夜,1
晚霞,1
澄柚汁,1
畫像,1
很文藝,1
大吉,1
嶺紅茶,1
甘純,1
不苦澀,1
挑不出,1
躲藏在,1
店裡面,1
圖書類,1
翻閱,1
圓抹,1
包起,1
擔心會,1
消失,1
濕潤個,1
體裡面,1
小顆,1
預計,1
室外,1
3393,1
28,1
時限三小時,1
or,1
擇一,1
本書店,1
前三大必,1
淚流,1
滿面,1
書香,1
邂逅,1
方古亭,1
文青繪本,1
方早,1
elsewherecafeX,1
區是,1
拿下,1
氣抹,1
柚汁,1
親吻,1
elsewhere,1
期望,1
最裡面,1
畫展,1
畫都,1
檸檬塔,1
可愛繪本,1
方菜,1
承載,1
負荷,1
犯規,1
elsewhereCafe,1
進繪本,1
啜飲,1
大熱天,1
停留,1
600cc,1
意料之外,1
西門美,1
推乾,1
加蛋加,1
干絲,1
辣渣,1
蛋液,1
開後才,1
4.5,1
城區部,1
近東,1
吳城區部,1
林乾,1
ALLDAYROASTINGCOMPANY,1
民生,1
連周,1
快蓋,1
吃炸雞,1
東山,1
鴨頭,1
不死,1
阿男,1
肥豬,1
料多鮮,1
美總,1
全天,1
搜集,1
國觀,1
完燒餅,1
蛋覺,1
殊榮,1
熊好券,1
無特別,1
蠻快,1
杭豆,1
漿點,1
付錢,1
熟客,1
Fu,1
Hang,1
Soy,1
Milk,1
人龍,1
客必,1
優惠免,1
推厚餅,1
附阜,1
最受,1
韓遊,1
違厚餅,1
中日,1
韓都,1
濃無糖,1
豆腥味,1
邊喝邊,1
餅單,1
當日現,1
铜板,1
p2,1
满满的,1
细腻,1
p3,1
没什么,1
p5,1
据说,1
传统,1
发酵法,1
发酵,1
p6,1
厚饼,1
那种,1
p7,1
甜饼,1
doge,1
这是,1
旅游团,1
台湾人,1
准备,1
好来,1
店厚蛋,1
條豆漿,1
航豆漿,1
最愛加,1
辣版,1
條店,1
善島,1
阜坑,1
排再,1
外國,1
通宵,1
點開始,1
還滿,1
相差,1
不遠,1
皮不油,1
粉香,1
外地,1
厚燒,1
一窺,1
最排,1
味飄香,1
國人,1
寺華山,1
夾蛋超,1
沒品質,1
氣傳統,1
超幸運,1
只花,1
隊店,1
爆濃郁,1
夯導,1
蛋油條,1
我要,1
23Nov2,1
允指,1
杭有,1
點就大,1
用名,1
廚粵菜,1
火焰,1
建築內,1
蘭亭,1
700,1
Orchid,1
Court,1
高級材,1
私人,1
來蘭苑,1
進菜,1
客廳,1
杵臼,1
巷口,1
推爆,1
點大腸,1
排好,1
排滿,1
美達人,1
料多種,1
變乾變,1
仔飽滿,1
渾圓,1
軟香,1
最熱門,1
一整套,1
沒見過,1
整齊,1
很多年,1
搬回,1
剛下載,1
滿不錯,1
仔大腸,1
四十,1
味有,1
配紅燒,1
雞卷,1
原無名,1
三大紅,1
肉炸雞,1
炸功,1
成驚人,1
反比,1
號無名,1
楊全,1
麥營,1
養潤餅,1
年創,1
巷子深,1
漲價漲,1
正港,1
旺火,1
悶煮,1
加蒜加,1
乳巷,1
許有,1
給超,1
牛以,1
甜點任,1
最適,1
小包,1
民集團,1
EAT,1
1599,1
收費,1
村牧場,1
膈膜,1
牛燒,1
燒肉控,1
將材,1
品無限,1
轉燒,1
鹿兒島,1
A4,1
嵐杉丘,1
當熱騰騰,1
人炭,1
當台灣,1
杉中,1
店個,1
HOYI,1
億美大樓,1
會心,1
一笑,1
席位,1
可供,1
室裡,1
狼吞,1
舅霸絕,1
美文,1
青火鍋,1
開到,1
五點,1
創區,1
入圍,1
外媒,1
評選,1
Top1,1
附興波,1
師冠,1
SIMPLEKAFFA,1
206,1
WBC,1
評為,1
師吳則霖,1
拍文青,1
勇奪亞洲,1
感空間,1
師的,1
no,1
裝潢夠,1
預期,1
冠軍師,1
世界排名,1
能來,1
這篇,1
SimpleKaffaMENU,1
simple,1
緊挨著,1
跟前,1
桌次,1
巴拿馬,1
黛寶拉,1
藝妓,1
口舌,1
逃離,1
矛盾,1
碰撞,1
不協,1
調感,1
BergWu,1
揉合,1
SimpleWay,1
質感節,1
文青交錯,1
落腳處,1
熱愛單,1
品及,1
南島,1
新旗,1
不試,1
上杯,1
難擋,1
卻步,1
醇香,1
黏稠,1
SimpleKaffa2.0,1
光影,1
美感,1
KAKIGORI,1
TOSHIHIKO,1
俊彥,1
冰與洋,1
誠心,1
打成,1
推建議,1
萊姆,1
toshihiko,1
圓圓,1
徹底,1
比登,1
美來,1
自傳統,1
大拇指,1
自東,1
石新鮮,1
類的,1
講到,1
懷孕,1
坐月子,1
比月子,1
那時候,1
盤算,1
訂月子餐,1
連飲料,1
飽飯,1
愛他,1
油飯現,1
實在味,1
台灣必,1
養生且,1
氣雞湯,1
到料,1
料滿,1
搞剛,1
川流不息,1
大批,1
誇極致,1
新鮮大顆,1
值好,1
必吃東,1
石鮮,1
靈芝,1
白首,1
帶伴,1
帶免,1
湯藥,1
連禪,1
進補雞,1
無雷,1
喝雞湯,1
冬夜,1
站料,1
美雞湯,1
蟬聯米,1
期林,1
冷冽,1
注入,1
暖流,1
高到,1
社連續,1
推養,1
生燉,1
東石直,1
社史,1
最肥,1
涼補,1
餐雞湯,1
樂齡,1
首選料,1
美湯,1
BibGourmand,1
魚肚寧,1
可多點,1
社新鮮,1
鮮材,1
品視,1
覺感,1
獨自,1
打拼,1
遊子,1
吃巧,1
歡喜,1
SHUANG,1
YUE,1
FOOD,1
空氣,1
很威,1
單多樣,1
烏骨,1
值絕,1
鮮的材,1
肥胖,1
北必登,1
中溫,1
補氣,1
養神,1
山丘,1
社滿,1
低鈉,1
社鮮,1
爆盅,1
身暖心,1
料多暖身,1
補補,1
高滿,1
豪華雞,1
湯盅,1
社高,1
藥膳,1
新鮮鮮,1
超養生,1
仔好,1
進補養,1
生首選,1
超養身,1
到裝,1
大器,1
連碗,1
快裝,1
漫出,1
附雙,1
高雙,1
氣勢,1
十吸睛,1
司目,1
讓民眾,1
老顧客,1
偏淡,1
社別,1
這杯,1
只怕,1
胃暖心,1
以家,1
中心思想,1
養生湯,1
嚴選上,1
堅守,1
暖和,1
流動率,1
料多養,1
天冷來,1
圍爐,1
好湯,1
老公,1
要筆,1
溫補美,1
氣雞,1
湯會,1
首選雙,1
靜怡,1
社二訪,1
湯超,1
片豬,1
滋養,1
過冬,1
快滿,1
調養,1
湯暖心,1
胃雞湯,1
阿嬤般,1
Orworkshop,1
湯美,1
國民平,1
價美排,1
溫補古,1
冬令,1
烏雞湯,1
補首選,1
東路養,1
身美,1
社何,1
首鳥燉,1
美新,1
補湯,1
社必訪,1
湯大盅,1
豬心湯,1
dressingfrad,1
人氣店,1
社養,1
生品,1
嘗到,1
值桌,1
壽宴,1
青少年,1
發展,1
處美,1
ice,1
amp,1
點什麼,1
日治,1
派出所,1
iceVersaWineshop,1
贏過,1
高朋滿,1
周六,1
實肉,1
甜肉,1
香現,1
最愛木須,1
寬厚,1
餅料,1
炸嫩口,1
實軟,1
戰場,1
再戰,1
立院,1
美墨洋,1
貝系,1
平價叉燒,1
飯現,1
費無限加,1
淡麗系,1
續湯,1
干貝系,1
爆排,1
貝貝拉,1
干貝拉,1
雞豚,1
無限加,1
骨雞,1
奢華系,1
記下,1
這次點,1
蛋黃白,1
太驚艷,1
奢華海鮮,1
超奢華海鮮,1
魚肝,1
佐手,1
性美,1
左巷,1
右巷,1
各有,1
不合,1
豆香,1
不臭,1
素美,1
有九層,1
塔香,1
可依,1
選辣度,1
吃素,1
全部都是,1
素食者,1
湯超棒,1
極佳,1
噴噴,1
完剛,1
一箭雙,1
簡簡,1
單單,1
紅醋,1
絕技,1
主張素,1
Cold,1
Stone,1
沙瓦,1
幾點,1
還會用,1
嘉士伯,1
達斯無限供,1
生啤無限暢,1
週年,1
驚喜價,1
新鮮生,1
蠔大,1
免費暢,1
青龍龍,1
平價燒,1
不予,1
置評,1
便利性,1
兩吃店,1
材新,1
鮮種,1
類選擇,1
TJ,1
Watch,1
阿桑大腸,1
線店,1
私密,1
最愛美,1
腸配,1
最脆,1
氣魯,1
全場,1
體貼,1
雞骨,1
撒滿,1
一百,1
美容,1
第七名,1
蔬新樂活,1
濃卻,1
半鹽,1
條很順口,1
選涼,1
附有,1
熱茶,1
很配,1
三百,1
勾勾,1
日義合,1
覓趣,1
Taitoma,1
另類,1
與眾,1
豬肝榮,1
仔南,1
豬肝湯,1
香中,1
下品,1
園區裡,1
好美,1
美麗書店,1
小空間,1
美麗靜謐,1
自由自在,1
書香伴,1
黑夜,1
張餅,1
以當天,1
評審,1
階醫院,1
建國潤餅,1
唯二,1
餡潤餅,1
還沒攤,1
五個,1
停好車,1
聽到,1
一群,1
指著,1
超級給,1
心想,1
文才,1
徒弟,1
怪不得,1
裝免費,1
02235,1
8939,1
星期日,1
64,1
冷熱,1
阿明,1
白滑,1
比賽門,1
高出,1
綠豆湯,1
湯清涼,1
點亮,1
餅禮盒,1
雙禮盒,1
最萌,1
萌虎,1
月餅,1
祈福,1
發光,1
凱撒月餅,1
鳥價,1
粽子,1
有餐,1
mojito,1
特推義,1
Niceplacetotalk,1
心沉,1
FridayNight,1
沙發,1
強項,1
薯片,1
BLinebyAtrain,1
華山旁,1
金屬,1
超帥,1
週三,1
加班,1
BLINEBYATRAIN,1
CREAM,1
還介紹,1
店員素質,1
我常來,1
回要,1
我本來,1
反應然,1
加沙,1
經加,1
各位,1
客倌,1
再調,1
Double,1
那盒,1
餐內用,1
蕎麥飯,1
當還,1
Poke,1
組搭,1
偏者,1
福想,1
迷卵,1
雞添,1
曼德樂,1
新幕春川辣,1
SHAPE2GO,1
立馬,1
到手,1
螺波,1
超無敵,1
氣螺,1
停歇,1
課學,1
生就,1
這很純,1
台味餐,1
AfterSleep,1
閃爍,1
暗藏春色,1
PureLoveDinerBar,1
粉粉,1
暗紅色,1
擺設,1
茄子,1
蛋歌,1
愛愛愛不完,1
MENS0SLIFE,1
佐鮮,1
好棒,1
有龍,1
重營運,1
加拿大,1
蒸海鮮,1
改裝後超,1
湯蒸,1
五折,1
方法,1
味東遊,1
三家,1
MAE,1
附存,1
JCB,1
新意,1
一網,1
當日壽星,1
登餐,1
妹系,1
sheraton12,1
新鮮澎派,1
誤導,1
加一點,1
點海鹽,1
不加醬,1
細細,1
現較,1
SheratonGrande,1
kitchen12,1
星馬,1
不多,1
兩片,1
十貫,1
580,1
魚魚魚,1
唸作,1
高水,1
準加,1
婦羅湯,1
片握,1
好韓,1
種飯,1
nbsp,1
街口,1
集結道,1
完不補,1
雪芙蕾,1
冰炫風,1
凍抹條,1
前門市,1
礦石,1
告白,1
密技,1
這顆,1
準沒錯,1
控推薦,1
BACCake,1
Sweets,1
店資訊,1
BlackasChocolate,1
米奇,1
霸氣芋,1
泥盒,1
North,1
低油少,1
家菜,1
八寶芋,1
業近,1
園老字,1
號小籠,1
包燒,1
賣現,1
蒸現,1
燒樣樣,1
地台,1
灣傳統,1
鍋寶,1
氣燒臘,1
上人氣,1
用電話,1
爭鮮,1
吃生,1
技巧,1
控暴衝,1
魚則,1
每貫,1
雖不大,1
先到,1
shirakawago,1
貫必點,1
另藏華山,1
村二訪,1
略有不同,1
不損,1
笨舌頭,1
可點國,1
厲害材,1
村飯,1
美型,1
小清,1
價格親,1
民食,1
想給,1
續碗,1
村生,1
內海,1
魚味美,1
內料,1
感握,1
湯與,1
輕甜,1
True,1
Man,1
湯蘿,1
脆雞飯,1
TRUE,1
MAN,1
湯脆,1
彈吸,1
脆雞外,1
來古亭,1
推超,1
板條,1
不大行,1
現代人,1
迎合,1
濃重,1
迷思,1
化工,1
調味劑,1
招呼,1
會有,1
進到,1
家裡,1
錯覺,1
有效率,1
誤以,1
最後送,1
衝破,1
度高溫,1
有間,1
內賣,1
著道,1
古屋,1
梅干,1
扣肉,1
冷泉,1
附擂,1
有家鄉,1
北埔,1
歡送,1
高且,1
大部,1
少少的,1
幾片,1
真不知道,1
可笑,1
滿道,1
鍋海鮮,1
小綿羊,1
日誌,1
韓妞代,1
慢下,1
古靜謐,1
預約午,1
解離,1
煩囂,1
最多,1
est,1
Shelly,1
古美學,1
陽台,1
茶席,1
來場視,1
暫離,1
塵囂,1
青茶,1
無由持,1
一皿,1
愛茶,1
心靈,1
這飯,1
賣飯,1
有千則,1
種人氣,1
平價飯,1
電視,1
推美,1
爆湯頭,1
味素,1
彈整體,1
訪愛店,1
另附,1
優必,1
湯太酸,1
榨菜,1
不太順口,1
柔韌,1
獨特的湯,1
使人,1
太熱,1
帶會,1
房間,1
房間裡,1
補習常,1
榨醬,1
和文,1
台灣少,1
談情,1
三毛,1
白先勇,1
藏著,1
俄式,1
創業,1
子屋,1
since,1
俄羅斯風情,1
國寶級,1
文人,1
這禮,1
youtuber,1
Youin,1
飲公館,1
會員折,1
價券,1
質佳,1
訪辛殿,1
開放戶,1
區冷颼颼,1
星空,1
鍋與,1
白鍋,1
幾套,1
冰箱,1
三人份,1
一千元,1
紅湯,1
XO,1
送宅,1
材升級,1
附辛殿,1
超美火,1
限定版,1
愛用,1
材有,1
滑無限,1
系拉,1
CHING,1
旨燕泡,1
反映,1
鴨香,1
去訪,1
更覺,1
鮮度,1
進口,1
鰹節,1
整體湯,1
再往,1
檔次,1
湯溶為,1
交融,1
彼此,1
搶戲,1
兩者,1
港台,1
灣味,1
鴨油,1
要不是,1
來配,1
偏扎實,1
風采,1
十滿意,1
基本上,1
耐辣,1
鴨心,1
脆度,1
青龍椒,1
這個給,1
殺出,1
血路,1
新幕試,1
營運,1
賣素,1
心理,1
新莊,1
球技,1
灣素,1
灣美,1
賞味,1
出鍋,1
附公館,1
球價位,1
BonBox,1
蔬以,1
乏味,1
大媒,1
體推薦,1
剝好,1
好成,1
香腸攤,1
兩根,1
一買,1
十條,1
燙口,1
氣香腸,1
絕搭,1
白老師,1
清單,1
美苦,1
退火,1
1990,1
一根,1
LouisaCoffee,1
路易莎,1
手釣鮮魚,1
白蝦,1
特選握,1
八貫,1
480,1
690,1
最後煮,1
進湯頭,1
鮮甜然,1
親和力,1
掉入,1
魚市,1
不已,1
精挑細選,1
高品,1
質火鍋,1
超價,1
Dustin,1
貪嗑,1
糖壽喜,1
燒善,1
皮嫩肉,1
豐盛海鮮,1
葡澳,1
非洲,1
雞木糠,1
中葡,1
美地圖,1
華國,1
饕小籠,1
內滿,1
滿金,1
湯汁夠,1
自創,1
鐘就到,1
蒸點,1
感小龍湯,1
湯包店,1
蝦仁湯,1
薄餡,1
絲包,1
前高小籠,1
前高紀,1
附午,1
冬甜點,1
燒到,1
點萊姆,1
近六張,1
氣千層,1
熱門千層,1
擴大經營,1
FLAN,1
人氣千層,1
午冬甜,1
點千層,1
酷覓星,1
中秋月,1
餅推薦,1
合流,1
巧芋,1
款款,1
粽振,1
包泥,1
入禮盒,1
彈冰,1
超飽滿,1
愛不釋,1
不建議,1
購買,1
此店,1
價高物,1
上當,1
022,1
芋蝶,1
迎春,1
氣芋,1
送芋,1
芋到,1
Zhen,1
Yi,1
Xuan,1
香綿,1
大甲,1
百台,1
魚可頌,1
香濃芋,1
禮雙料,1
泡芙芋,1
美振,1
獲獎,1
茶韻,1
客都,1
愛買,1
人工,1
平價貴,1
婦級,1
輕及,1
訪懷舊,1
超乾淨,1
欣傳媒,1
37,1
居民,1
處要,1
幾根,1
多淋上,1
抽新鮮,1
檸檬會,1
兩串,1
穿插在,1
店裡常,1
回購度,1
256,1
7859,1
六條通,1
田師傅,1
肥前,1
時領,1
地國名,1
佐賀,1
及長,1
自長,1
娘家,1
裡是,1
養殖,1
苗價格,1
翻好,1
幾倍,1
飯漲,1
但算,1
開放式,1
就近,1
情形,1
相當療,1
晶閃,1
閃平價,1
條通美,1
兔兒,1
姊妹花,1
刺穿,1
喉嚨,1
收走,1
還沒好,1
快快,1
快收,1
拼翻,1
抽檢試,1
被魚,1
刺刺,1
往生,1
前夕,1
蔡媽媽,1
用半,1
人花,1
品質還,1
親民美,1
大炸,1
刺多,1
沒味,1
連米,1
以鰻,1
魚聞名,1
十年如一日,1
太趕,1
關門,1
原先,1
推文均,1
消比,1
串配,1
焦苦,1
湯太,1
蛋生,1
婦羅鰻,1
每年,1
鰻飯,1
肥感,1
通條,1
通商,1
圈美,1
來份,1
again,1
地大喀鰻,1
定豬,1
蛋卷,1
烤串,1
燒天,1
By,1
濱松屋,1
Hold,1
店門,1
甘願肥,1
大眾堂,1
新聞,1
南機,1
汕頭意,1
金針,1
超經典,1
之古早,1
Dicos,1
速店,1
中南部,1
Buffett,1
699H,1
agen,1
Dazs,1
職業,1
吃漢研,1
歐美風,1
手作漢堡,1
潮雞,1
免錢,1
檸檬愛玉粉,1
比板,1
XDDD,1
怪叫,1
美捷,1
粉圓冰涼,1
彈三圓冰,1
芋園,1
珍寶的,1
晶瑩,1
剔透,1
粉圓公館,1
冰涼,1
欣葉菜,1
類品,1
NAGOMI,1
用欣葉,1
新年,1
新篇章,1
旬彩,1
四重,1
盛合,1
節外,1
五家,1
訂餐,1
79,1
之選,1
如一,1
穩定,1
扭蛋運,1
拯救,1
厭症,1
百道,1
每季,1
會換,1
土瓶,1
擠點,1
最愛飲料,1
專人,1
配冰涼,1
桌距間,1
太過,1
出入,1
困擾,1
及捷,1
慶喜,1
潤關,1
東煮,1
盤現,1
放送,1
滿足全,1
種壽司,1
之秋,1
秋來,1
隆重推出,1
沁脾美,1
運御守,1
同樂,1
別家,1
比有,1
美欣葉,1
甜蝦,1
太快,1
家小,1
名字,1
可愛感覺,1
七道,1
宴外,1
採預,1
約制,1
台劇,1
歡迎光,1
臨東,1
排古飯,1
著七零,1
舞廳裡,1
演歌,1
必收,1
用懷舊,1
來當,1
七十年代,1
很下,1
舞廳,1
味美,1
品客,1
飯餐,1
化骨,1
不滅,1
町捷,1
美東,1
燈閃爍,1
從白飯,1
轉吧,1
七彩,1
大學口,1
貓奴們,1
博愛特區,1
吸手,1
會到,1
香雞油,1
土雞肉,1
出雞肉,1
漫走,1
走走,1
之山內,1
入選,1
過千萬別,1
雞肉絲,1
給你大塊,1
當歸雞湯,1
回訪率,1
吃飯,1
多塊,1
連我離,1
最後還,1
張百鈔,1
下方,1
也夠,1
附的湯,1
彈牙古,1
大雞,1
先贏,1
可得,1
帶牙線,1
肉曉迪筒,1
氣吃,1
兩間,1
彈嫩,1
雞肉湯,1
古樸,1
誘人南,1
牛個,1
人鍋,1
牛涮樂,1
新鮮活,1
開箱,1
山珍海味,1
五福,1
還真,1
小弟,1
名款,1
順手,1
心底,1
參加,1
婚禮辦,1
著海鮮,1
每一條,1
體都,1
明顯油,1
一圈,1
超油,1
覺得膩,1
.......,1
訂閱,1
報月,1
報選擇,1
forms,1
gle,1
QpCShnSVQPVMPaQb7Instgram,1
instagram,1
3ljacob,1
痞克邦,1
Gx121p,1
清烏,1
禮選擇,1
烏魚,1
新風尚,1
彷如,1
花卷,1
太平,1
創新交織,1
店嘗試,1
福建,1
人氣馬來,1
西亞餐,1
自馬來,1
臘腸,1
平價馬來,1
珍多冰,1
煎蕊,1
沙海,1
鮮湯,1
蝦仁用,1
參芭醬,1
有辣,1
不會辣,1
開飯後來,1
咖椰醬,1
冰拉茶,1
解辣,1
抽燉,1
質太過,1
湯和肉,1
開處理,1
西亞道,1
微辣的紅,1
濃郁厚實,1
穿插,1
適時,1
賦予,1
提香,1
功能,1
覺是,1
體是,1
偏軟質,1
吸泡,1
水煮蛋,1
菜豆,1
色澤翠綠,1
餐車,1
美池,1
西亞家,1
中尋找,1
受馬來,1
砂堡,1
飯馬來,1
蝦子算,1
炒得,1
沙湯頭,1
一不小心,1
新美,1
西亞檳城,1
西亞美,1
大馬餐,1
很辣,1
參芭魷魚,1
揶漿,1
林俊傑,1
超回,1
鴨汁,1
淋飯,1
可加,1
價加肉,1
小鮮肉,1
臉迎,1
同學們,1
或點心,1
鴨腿飯,1
切盤,1
湯頭溫,1
拉米,1
炸魚,1
餡漢堡,1
新產品,1
全台首,1
發北車,1
黑墨,1
魚燉,1
牛寶,1
客大,1
綜合菇,1
客氣菜,1
單簡,1
單明,1
蛋黃義,1
蝦義,1
Greatfood,1
歐陸,1
質感餐,1
超滿,1
意激,1
歷練,1
聖誕,1
激推威,1
星期,1
氣威,1
奢華餐,1
會準,1
歷練過,1
區大,1
連老,1
沒訂,1
從前,1
擺盤繽紛,1
講解,1
由內,1
兩天,1
佐紅酒,1
肉食,1
小約,1
會義式,1
奢華大,1
侯布雄,1
牛頰,1
山南,1
西店,1
樓餐,1
優格炸,1
雞班尼,1
大服務,1
週到,1
班尼迪蛋,1
捷運北車,1
頭牛,1
Bruch,1
time,1
推班尼蛋,1
敦南店,1
緊緊,1
心兒,1
SecondFloorcafe,1
海鮮粵菜,1
不成,1
紅中,1
發財,1
白板,1
Three,1
Coins,1
烤鵝才,1
烏參鵝掌,1
燒鵝便,1
燒鵝飯,1
VIP,1
區西門,1
Star,1
ThreeCoins,1
美街裡,1
裝璜,1
凌駕,1
星星,1
光環,1
之上,1
血牛,1
董一呼,1
百應,1
鴨宴,1
華麗貴氣,1
3E,1
夢想,1
自遊,1
自在趣,1
鴨肉質,1
鴨骨,1
湯配,1
鑲金,1
採包,1
廂式,1
店興,1
設限,1
狂派,1
小站,1
KTV,1
HappyLemon,1
可愛登場,1
必喝鮮,1
岩鹽,1
炎夏,1
HAPPYLEMON,1
舌頭,1
戀愛了,1
補氣養,1
體力,1
蘊藏,1
裡穿遊,1
鍋煮,1
卡布,1
小要,1
從二樓,1
窗外,1
蘋果生,1
夾著蜜,1
風光,1
Mountainkidscoffeerosters,1
MCKR,1
望見,1
美慘,1
MKCRMENU,1
用文青,1
直擊,1
古今,1
近北門,1
丸花,1
豆倉,1
窺視,1
Cafetailuu,1
廳北門,1
眼前,1
配色,1
城北,1
門對望,1
喧嚷,1
MOUNTIN,1
KIDS,1
配古,1
view00,1
mkcr,1
一幢,1
樓白房,1
愜意用,1
將歷,1
史榮華,1
框進,1
印良品,1
白淨,1
窗景為,1
系美麗,1
信任,1
品管,1
別點,1
餐帶,1
對頭,1
多訊息,1
一臉,1
不高興,1
不給問,1
說慘,1
不忍,1
說海鮮,1
跟上,1
清理,1
大氣,1
戰勝,1
SEMIBUFFET,1
點個,1
廳海陸,1
蝦餐,1
點內容,1
子服,1
務佳,1
不太鳥,1
隱形,1
催促,1
放生,1
no1,1
多點,1
semibuffet,1
切不動,1
起半,1
幕慶,1
排餐加,1
Semibuffet,1
庭空間,1
Semi,1
semi,1
NT500,1
TAKO972,1
慶幕,1
人半價,1
飯粒,1
蔥蛋,1
菜圃,1
一排,1
超受,1
豐富聞名,1
排起,1
做人,1
餅箱,1
高要,1
皮夾,1
破洞,1
餐甜點,1
新加,1
台灣僅,1
配肉骨,1
雞中,1
天龍,1
出乎意料,1
北部,1
比雞優,1
SOGO,1
近安東,1
花花,1
食為,1
五十元,1
化口,1
美必點,1
雞魯飯,1
霸子,1
必排,1
味筒,1
湯南,1
017,1
獨家醬,1
翻個,1
慢火,1
並佐以,1
新幕加,1
一元,1
運週邊,1
還會流,1
Y25,1
最愛這裡,1
過蠻,1
會點,1
看猴展,1
累積,1
To,1
內受,1
近小南門,1
烤豬,1
Ponopono,1
包早,1
配個,1
延長,1
牛松阪,1
無限壽,1
風蒸,1
風包廂,1
區善,1
Small,1
Place,1
鐘牯嶺,1
豆奶,1
主理,1
街新幕,1
控請,1
外殼,1
一整杯,1
濃縮,1
茶味濃,1
皮泡,1
特濃,1
小貨櫃,1
HumanitySweets,1
濃郁鮮,1
粗糙,1
粗魯服務,1
摘星,1
每道,1
一品,1
出名,1
送壽桃,1
別大聲,1
嚷嚷,1
雅集,1
阿青師,1
酸香夠,1
元還,1
超適,1
合小資族,1
油花,1
元受,1
五院,1
這吃鍋,1
391,1
無限點,1
給四顆,1
餐實,1
太慢,1
還漏,1
輪點,1
餅點,1
五六次,1
說後面,1
遲遲,1
連要,1
店員面,1
難色,1
問倒,1
直到,1
最後點餐,1
應求,1
不來,1
流程,1
連進,1
超邪,1
用整,1
沙母,1
湯一,1
雛菊湯,1
超淡,1
很豐,1
價低,1
脂牛,1
黑豚,1
豬臊,1
以秋蟹,1
湯火鍋,1
滿蝦,1
費外,1
四菜,1
一湯,1
配箱,1
免出門,1
收到,1
人外,1
區不限金額,1
存糧箱,1
搭溫,1
配體,1
盛典,1
用松露,1
詩意,1
湯補,1
充膠,1
三軍總醫院,1
院區,1
好受,1
誇網,1
美火,1
會員,1
夠強,1
還沒涮,1
光喝,1
湯就,1
風四宮格,1
種層次,1
東方,1
四格,1
美火鍋,1
辛料,1
百調,1
千味絕,1
四重奏,1
2020.11,1
三總台,1
耐寒,1
唯有,1
正是,1
綠時,1
這兩款,1
大船,1
整艘,1
沁夏雞,1
鳴鳳來,1
用鮮,1
甜鳳梨雞,1
湯涮,1
附東,1
雛菊,1
放到,1
爆強,1
圈粉,1
獨特風味,1
鍋不加,1
麥芽,1
加爆,1
行政院,1
警政署,1
泰菜,1
二道,1
回本,1
吃香喝辣,1
教戰,1
手冊,1
泰精選,1
暹羅宮廷,1
ThaiSelect,1
店美,1
漾彩,1
盛泰潑,1
泰味,1
比書,1
還厚,1
蘇果,1
響樂潑,1
泰美,1
泰國人,1
挑逗,1
魯烤,1
ING,1
民族,1
開味,1
秘魯主,1
廚炭,1
polleria,1
魯人,1
雞店,1
魯風味,1
秘醬,1
POLLERIA,1
蔬食,1
豆泥,1
豆味超,1
濃超香,1
清香,1
微脆,1
蠻足夠,1
服務費問,1
會員報,1
區仁愛路,1
108,1
週四,1
2357,1
9222,1
快追,1
520foodworld,1
地區,1
柴犬,1
一同,1
670,1
豬腳皮,1
細扁,1
半雞,1
熱忱,1
優惠外,1
二級,1
SecondFloor,1
水波,1
帶寵物,1
尚餐,1
午到,1
曙光,1
海皇,1
第一杯,1
和續,1
第二杯,1
嚼性,1
濃郁感,1
微辣感,1
偏乾,1
濃湯裡,1
橄欖油,1
些許,1
沾著,1
橄欖,1
甘苦,1
奇特,1
法土,1
溫涼,1
比公館,1
包驚艷,1
還有椒,1
柳義,1
物品,1
可愛繽紛,1
奶昔,1
九月,1
爆紅早,1
SECONDFLOORCaf,1
過仁愛店,1
球賽,1
Menya,1
Musashi,1
挑戰大,1
武士,1
最使,1
對決,1
柚香,1
碩大鮮,1
牡蠣,1
老的辣,1
紅白鎮店,1
不愛喝,1
湯風味,1
JMALL,1
左營,1
濃厚雞,1
湯領,1
極濃稠,1
舒肥叉燒,1
心吃快,1
或板,1
中國菜,1
流口水,1
frogmerry,1
梅莉,1
.....,1
其來,1
仁絲瓜,1
鴨煲,1
安大聚會,1
之蘇,1
杭會館,1
公家,1
機關,1
最愛團訂,1
區便,1
魚蠻,1
蝦卷,1
暗藏,1
yummy,1
勝十蘭,1
辛味,1
加生,1
超辣青,1
紅綠,1
相間,1
加下去,1
暴力,1
超乎,1
原佳園,1
越罕見,1
超銷魂,1
配炸醬,1
肉大塊,1
FU,1
續杯,1
或許,1
从众,1
館公館,1
園粵菜,1
你辰園,1
北喜來,1
紅玉,1
喝來,1
進來片,1
刀子,1
切鴨皮,1
食指,1
大動,1
蒸好,1
的餅,1
著鴨皮,1
鴨皮,1
桔醬,1
炒洋蔥,1
及椒類,1
較重,1
十軟,1
最後以,1
香圍,1
不沾醬,1
出港,1
干貝鮮,1
佐上,1
以鐵鍋,1
微焦,1
B1,1
1818,1
店外,1
九宮格,1
Plate,1
單桌,1
哪些,1
豬鴨鵝,1
拿不住,1
優惠延長,1
皮鵝四,1
皮鵝,1
地港點,1
俏媽,1
接機,1
內斂,1
茶點,1
尋味,1
香江,1
日星,1
粵藝,1
威斯汀,1
龍天門,1
鄧德勝主廚,1
Great,1
古代,1
絲路,1
美勺,1
大西北,1
真香,1
炙子,1
骨排,1
陝西美,1
全好評,1
雙寶,1
FAN,1
育兒,1
奇遇,1
仿古,1
名膳,1
孜然,1
羊腿,1
客酸,1
土佳餚,1
平價樸實,1
陝西味,1
感謝桃,1
鴨寶貝,1
客格友,1
瘋格聚,1
瘋大,1
大名,1
人式,1
預算,1
考量,1
鐵火,1
218,1
雙倍量,1
圈必,1
超可愛刺,1
包圍,1
十種,1
HooDonut,1
俏皮,1
小刺,1
以刺,1
元素,1
可愛小刺,1
插圖,1
可愛風格,1
圈店,1
圈有,1
可愛又好,1
小強,1
烏金豬,1
當超,1
魯大腸,1
筍絲大骨,1
蛋重,1
肥嘟嘟,1
還不死,1
豬皮,1
這層,1
每口,1
upup,1
旁有,1
2371,1
1366,1
整體評,1
7.5,1
8.5,1
10Google,1
4.1,1
725,1
taiwanfoodie,1
taiwanfoods,1
褲飯,1
內質,1
太乾,1
不願,1
透徹,1
千則,1
北門美,1
魯到,1
發黑,1
多例,1
西門豬,1
離捷,1
66,1
三大必,1
點推薦,1
老抽,1
孕育出,1
北門豬,1
腳肉飯,1
必吃豬,1
最後喝,1
美台灣味,1
八年,1
無緣,1
指大動,1
魚肚飯,1
線北門,1
連東坡,1
WingsCoffee,1
WingsCoffeeBar,1
可愛又專業,1
被陽光,1
綠蔭呵護,1
茶油,1
有配,1
內裡,1
買餐,1
排打,1
廳終,1
酥炸,1
顆兩顆,1
選腰,1
看喜歡,1
包粉,1
上主餐,1
前會給,1
味有點,1
重不過,1
不會苦,1
加過,1
捷運四號,1
人均,1
很怕,1
某人,1
排必訪,1
限量版,1
豬里,1
抵達,1
誘惑,1
炸腰,1
都現,1
心願,1
排大,1
Att4fun,1
SEKIJIN,1
系出,1
同門,1
夾燒餅,1
頂點,1
葉佩雯,1
絲襪,1
新幕何,1
菠蘿油外,1
公館何,1
五重,1
甜受,1
到還,1
美何,1
奶香,1
納軟法,1
浪子,1
踏實,1
明治,1
檸檬維,1
也納,1
黏口,1
沒得,1
稱重,1
賣價,1
處進,1
右手,1
每盒,1
重來,1
泥厚實,1
給芋頭,1
過別,1
紫米尬,1
氣雙層,1
實芋,1
爆超,1
一捏,1
十五元,1
這對,1
娘實,1
餡炸開,1
紅豆還,1
高爆,1
飛碟,1
元佛,1
系價,1
塞到,1
車燒餅,1
旺來,1
冷飲,1
與燒,1
友蓁,1
比鼎泰豐,1
沒輸,1
丁香,1
蛋絲瓜,1
肉絲,1
點心店,1
絲餅,1
版鼎泰豐,1
裝潢過,1
暫時,1
貼告,1
包酥餅,1
離古亭,1
紅糖,1
糍粑,1
就問,1
沾醬,1
違停,1
江子,1
酥現,1
湯老,1
這樣點,1
湯古亭,1
佛跳牆,1
人買,1
超美店,1
還有陽光,1
區都,1
第四次,1
人越,1
服務越,1
越慢,1
鐵順口,1
光線,1
擁抱陽光,1
白晝,1
不羈,1
松露義,1
不雷,1
酒類,1
沉醉,1
歡愉,1
空間裡,1
GinGincoffeecompany,1
海鹽,1
GINGINCoffee,1
帶本,1
小書,1
鹿菜,1
單升級,1
ToStay,1
腳累,1
坐坐,1
鮮艷,1
柔和,1
秋兒,1
跟酸兒,1
介紹秋兒,1
厚重,1
酸兒,1
摩卡,1
灑上,1
可愛有,1
標誌,1
變大,1
進擊,1
鮮明,1
藍色,1
茁壯成,1
Campany,1
行銷,1
高早,1
內網,1
旁平,1
蜜糖,1
美甜點,1
ME,1
價美店,1
過度,1
很愛這家,1
超鮮料,1
LumixDMC,1
LX,1
雙被,1
肉量給,1
受夠,1
別來,1
還有湯,1
賣切,1
班學子,1
台車,1
跟湯,1
Ubereats,1
foodpanda,1
好嫩,1
附鑫耀鑫,1
美小貴,1
現省,1
區公園,1
2381,1
1511,1
窗還,1
桂丁土,1
雞肉串,1
Watami,1
解思,1
之苦,1
屋站,1
丹尼,1
包戰區,1
超用,1
心包,1
過餃子,1
同等,1
鼎泰,1
豐名,1
氣響,1
見人見,1
餃内,1
糊糊,1
包離,1
莊平,1
調小籠,1
皇龍莊,1
TaiwanFoodXiao,1
long,1
bao,1
鮮極,1
得過,1
飯美,1
薄片,1
談不上,1
整盆九層,1
超涮,1
老司機,1
小黃司機,1
腥羶,1
必吃義式,1
比薩,1
APN,1
拿坡里,1
協會,1
披薩屋,1
取代,1
性高,1
北義,1
店義式,1
地義式,1
爐比薩,1
Pizzapub,1
寶貝,1
烤義,1
推兒童,1
義饗,1
快樂光,1
老柴,1
燒比薩,1
節日,1
比薩義式,1
高貴義,1
絕佳義式,1
威尼斯,1
酒餚,1
演藝,1
很熱鬧,1
離群索,1
ruby060416,1
42668312,1
realguts,1
惡叉燒,1
飯配,1
雜貨商,1
號裡,1
貨不限時,1
演電影,1
貨詩,1
意風,1
結合美,1
貢辜,1
圈圈,1
哭哭,1
REALGUTS,1
高架,1
環保議題,1
追夢,1
是非,1
電影幕,1
聲音,1
物攝,1
仔店,1
Realgutscafe,1
style,1
導演,1
影迷,1
藝文愛好者,1
進電,1
影場景,1
魏導,1
輕設,1
計雜貨,1
電影味,1
駐點,1
鞋子,1
openit,1
芝芝,1
青檸,1
德堡,1
綜合六入,1
你務必,1
選項,1
愛吃肉,1
花雕,1
M7,1
丹麥國,1
種頂級,1
不硬,1
桔子,1
柿手,1
各大百貨,1
氣外,1
闖入,1
sugar,1
系風格,1
大本營,1
Suger,1
滿好,1
花甜點,1
BonnieSuger,1
村雜,1
貨風店,1
店善,1
可愛系,1
熱鬧,1
花叢堆,1
金額,1
標價格,1
算新鮮,1
超低,1
小杯,1
壓式,1
機器,1
坐位,1
很爛,1
很常要,1
有給,1
帳單,1
問坐,1
哪桌,1
講了,1
二組,1
零錢,1
我算錯,1
算到,1
短頭,1
咖啡色,1
BonniesugarTaipei,1
塔慶生,1
高雄人,1
花叢,1
集聚,1
小熊,1
美園,1
lamaison,1
yami,1
店雜貨,1
林糖,1
怪獸,1
冰拿鐵,1
發霉,1
niko,1
美肌生,1
頭生,1
Niko,1
司康界,1
司康加,1
太高調,1
出過,1
超酥內,1
及果,1
缺少,1
輕薄,1
只為,1
塞滿,1
Scone,1
Recommendation,1
白蘭地,1
CiaoCiaoScones,1
SCONE,1
香手,1
作司康,1
夢幻鮮,1
夾餡,1
濃芋,1
頭司康,1
花式,1
系司康,1
DoubleScones,1
可任,1
種選擇,1
酥酥的,1
伯爵,1
茶司康,1
十五,1
CiaoCiao,1
人賴著,1
激辣,1
菜三種,1
巴東,1
外省,1
旁手,1
作生,1
貓兒館,1
萌貓,1
吸貓,1
控與貓,1
奴必訪,1
貓咪出,1
與貓,1
共生,1
微型,1
包香和貓,1
作陪,1
好萌,1
HalfCoffeeMENU,1
包辦,1
HALF,1
美心,1
泥流,1
柚香綠,1
世代,1
持員,1
工證,1
折價,1
新幕華山,1
口禮,1
盒箱,1
口禮盒,1
口起,1
運費,1
結婚,1
包一個,1
包無論,1
高麗菜現,1
厚蛋餅,1
石市場,1
附蛋,1
耍酷,1
單蛋,1
要酷,1
超對味,1
干辣醬,1
堅強,1
威力,1
以後補習,1
要現,1
擀現,1
皮到,1
小辣餅,1
酷蛋餅,1
獨特過,1
東蛙,1
池塘,1
DongWa,1
超豪華平價,1
噴火小魚,1
香蛋餅,1
皮兒,1
壺帶,1
davinci,1
大怪,1
超巨型,1
位絕,1
肉主義者,1
肉宴,1
千八百,1
則評論,1
豪邁肉,1
原肉,1
小資約會,1
原切,1
理解,1
八個,1
給三張,1
沒想過,1
開疊,1
進來,1
椅子,1
要麼,1
給人過,1
比比皆是,1
當下,1
顧只,1
坐要,1
忍耐,1
生財,1
工具,1
還回,1
十個,1
一樣給,1
當神,1
供奉,1
但應,1
適當,1
po,1
組合肉,1
血水,1
生肉,1
牙齒,1
撕斷,1
給老,1
佐料,1
盤子裡,1
魚酸洋,1
爆表超,1
狂大,1
尖叫,1
肉動物,1
最愛古亭,1
仇者,1
聯盟,1
PRIME40oz,1
2Oz,1
單餐,1
古怪,1
關於雪王,1
認知,1
字典,1
點貴,1
SnowKing,1
Ice,1
Cream,1
酸甜苦辣,1
屋遠,1
百寶慶店,1
遠東百貨,1
紅玉奶,1
再來杯,1
紅玉鮮,1
身高,1
少不了,1
入秋,1
Chill,1
圓滾,1
濃郁豚,1
數一數,1
湯頭重,1
面會,1
兩次給,1
選擇後加,1
脾氣,1
脂油,1
味豚,1
2019.01,1
超蒜,1
蒜味豚,1
坐滿叉,1
扎實,1
霸凌,1
超多湯,1
條拉,1
Gokujoh,1
霸氣叉,1
自職,1
超濃厚豚,1
來襲,1
四店,1
貼爐,1
種酥餅,1
餅來,1
甜燒餅,1
餅定,1
餅美,1
美銅板,1
x228,1
ChinaDumplingNoodle,1
窄小,1
窗不限時,1
一幀,1
PaperSt,1
CoffeeCompany,1
阿霏,1
尚花園,1
熱拿鐵,1
PaperST,1
PAPERST,1
PaperSt.28,1
英倫風,1
傳達倫敦,1
領餐,1
獲選,1
料多滿,1
滿高,1
百則,1
沒吃會,1
攤殊榮,1
美名,1
平價量,1
合家,1
鐘終,1
美隱身,1
內合歡,1
大魯,1
必吃超,1
水煮,1
淡水,1
信義沿,1
線捷,1
運美,1
食類,1
推薦料,1
十一,1
點半去,1
隊點,1
餐先,1
鞠躬,1
不好意思,1
南海路,1
補給,1
109,1
受罪,1
兒菜,1
然後收費,1
還不低,1
漲價後再訪,1
難下,1
館小飯,1
原師,1
三片,1
大洋,1
費多續,1
香白飯,1
湯控,1
完才,1
時微,1
溫要,1
偏冷,1
配在定,1
食裡,1
魚鮮味,1
彌生軒,1
但花魚,1
最後有點,1
出乎,1
預料,1
激出,1
蘇誘,1
調溫馨,1
汁濃,1
雞米花,1
然後到,1
人要,1
店員出,1
來詢,1
問外,1
太遠,1
一飯,1
對方,1
答非,1
問回,1
有湯,1
無言,1
然後等,1
鐘才結,1
完帳,1
反省,1
檢討,1
不致,1
驚天,1
湯無限暢,1
聯合國,1
氣依舊,1
強強,1
牛三寶肉,1
還讓,1
行李,1
行李牌,1
蠻實,1
肉鮮,1
湯醇,1
野味,1
這一頓,1
運店,1
捷運出,1
尚平,1
價西門,1
洗烘衣,1
藍光,1
偷走,1
干貝鮮味,1
海鮮系,1
關顧,1
淡麗型,1
鹽味,1
琉拉,1
賞第,1
給愛海鮮,1
OVERTHINK,1
屋微風,1
還沒營業,1
始大,1
五樣,1
主塞滿,1
誇便當,1
十幾種,1
彭派,1
當盒,1
還沒門,1
適合外,1
送點餐,1
推內用,1
金湘,1
內湖,1
周媽媽,1
水雞攤,1
粽派,1
史家庄,1
大塊豬,1
干貝入料,1
發源,1
店台,1
風裝潢,1
事處,1
點美,1
型式,1
可愛招,1
財熊,1
XL,1
雙拼肉,1
爆布,1
68,1
親愛的,1
白熊,1
湯神,1
茶雲朵,1
日高,1
3.6,1
秋蟹,1
328,1
哈密瓜,1
用問,1
真妮,1
499,1
888,1
搶鮮,1
一聚,1
吃鍋,1
最過,1
冰堡,1
邊陲,1
堂會,1
回老家,1
停駐,1
閣樓,1
苔飯,1
一切,1
看齊,1
愛它,1
店員動作,1
香陣陣,1
排夾,1
合拍,1
瑪姬,1
宜賓芽,1
區小南門,1
西藏路,1
香麻燃,1
川北,1
涼粉,1
沒冷氣,1
我命,1
炸物席,1
必吃現,1
工餐,1
帶區,1
入店,1
飲水,1
點餐區,1
辦公,1
灰樸感,1
窗受,1
適合長,1
區文青風,1
5Gwifi,1
藝文綠洲,1
黑色幽默,1
貓王,1
Nowcoffee,1
週間,1
工作日,1
窗前,1
無關,1
添財封,1
至极,1
路边摊,1
网友,1
觉得,1
不错,1
过来,1
试吃,1
结果,1
骗人,1
中飄散,1
從台,1
古氛,1
台中超,1
花生糖,1
終於讓,1
終於來,1
沙配,1
湯匙,1
沙比,1
先拌過,1
單純點,1
飯炸雞,1
頭好,1
喇沙,1
上星馬,1
各來,1
韌性,1
LAKSA,1
香濃蝦,1
花環境,1
本部,1
果乾茶,1
黑森林,1
鐵觀,1
音千層,1
花草,1
伴一個,1
午后,1
烤微,1
酥口,1
兩球,1
Atoast,1
飯改,1
勢力,1
芋見,1
AToast,1
奶酥,1
以純,1
白風格,1
木質色,1
從外,1
到裡,1
圖案,1
萌翻,1
附鱷,1
切較,1
心系,1
免費續湯,1
切超,1
一周,1
水水,1
台灣文,1
創首選,1
美免,1
吃國,1
Fondue,1
Bonne,1
Bouffe,1
沒去過,1
施家,1
富久,1
桌是,1
六日,1
控必來,1
986,1
建立,1
設立,1
尚未,1
建設,1
飛機,1
起降,1
之地,1
稱則,1
沿用,1
興建,1
處國宅,1
展出,1
生活圈,1
林立,1
來實,1
吃不消,1
料能,1
俗語,1
醫生,1
賣冰,1
成外,1
化成,1
喜愛來,1
另加,1
33,1
週一至,1
乳加,1
芋頭芋,1
情急之下,1
無感,1
泥冰,1
超綿,1
頭泥,1
冰料,1
頭冰,1
下肚,1
愛跟芋,1
頭纏,1
圓類,1
難吃還,1
寧可去,1
兩家水,1
當地古,1
很久很久,1
來必,1
有十顆,1
看要,1
幾份,1
pass,1
頭會,1
組合敢,1
加醋,1
喝酸,1
309,1
1561,1
皮有,1
三本,1
柱人氣,1
最旺,1
各十顆,1
違人氣,1
滿檔,1
458,1
風壽,1
只不過,1
肉時,1
一下下,1
破千好,1
顏色繽紛,1
公室,1
不貼,1
打壞,1
幾個,1
歇業,1
有員,1
工要,1
離職,1
評語,1
內關,1
填寫,1
評超,1
描述,1
魚炸雞,1
秋葵,1
湯是,1
對評,1
小紙條,1
別人換,1
字太醜,1
沒辦,1
法有,1
是給,1
找遍,1
仍無法,1
轉成,1
小語,1
最後寫,1
佩服,1
二訪過,1
餐桌上,1
生產,1
能源,1
醬料類,1
按照,1
喜好,1
調配,1
掩蓋,1
房中,1
旁平價,1
食調味,1
任君選,1
種吃,1
推雞,1
廚房夠,1
鮮美舒肥,1
20180110,1
里脊,1
溫玉子,1
二百多,1
要選,1
調味實,1
冬瓜茶,1
磚煮,1
超愛香腸,1
炒功,1
點蒜味,1
留住,1
屬於家,1
小虎,1
心拌,1
國際,1
村美,1
串連起,1
老家,1
一進門,1
大餅,1
老吳,1
比手,1
吳餅,1
wiiwii,1
威威,1
醬千層,1
Lady,1
春夏,1
這攤,1
經大,1
綠寶石,1
受得了,1
家烤,1
年榮,1
喊價,1
茂生,1
燕盞,1
Tiffany,1
吃膩,1
彈的餅,1
加起士,1
太罪,1
去料,1
都給,1
放許,1
MUSA,1
少數,1
興隆,1
食客,1
無人,1
埋頭,1
翻著率,1
鐘就,1
觀點,1
1951,1
以其,1
食譜,1
慣例,1
取其肉味,1
前者,1
後者則,1
選取,1
以牛骨,1
做法,1
兩鍋,1
再添,1
中藥材,1
湯而成,1
取得,1
肉味,1
平衡,1
講廣東,1
外國話,1
為紅燒,1
只差,1
這倒,1
十特別,1
燉則,1
條類,1
會用,1
較細,1
條及,1
畫龍點睛,1
將湯頭,1
炒花生,1
以蒸,1
冷門,1
吃會,1
汗如雨下,1
區開,1
0223,1
358,1
加蔭豉,1
昼時,1
然後就後悔,1
中吃過,1
歡重,1
斟酌,1
八點,1
配點蔭,1
湯頭濃,1
過份,1
每逢,1
開封,1
第二代,1
接棒,1
青出,1
藍勝,1
多變,1
神隱,1
蔭豉,1
內超,1
泡餅,1
比清燉,1
2015.05,1
石沉大海,1
至古亭,1
TaipeiBistro,1
困難,1
HERITAGE,1
BAKERY,1
好久好久,1
勇敢,1
郁黑,1
糖醬,1
慶活動,1
古工業,1
風相機,1
Fly,1
HERITAGEBakery,1
控怎麼,1
忍得,1
花園系,1
可愛甜點,1
館舒適,1
唯美,1
北相機,1
網美聖地,1
百寶盒,1
Heritagebakery,1
混搭滴,1
重造,1
絕美東西,1
肉嫩餅,1
附司康,1
系氛,1
圍超,1
司康華麗,1
轉身,1
奢華網,1
美風,1
英倫經典,1
受悠,1
閒談心,1
另有,1
帶作,1
會慶生,1
過節,1
美學生,1
最愛的止,1
就位,1
顆蠻,1
粉味會,1
元難,1
中盒,1
溫溫,1
夠熱,1
充飢時,1
特別剛,1
焦香內,1
陷鮮,1
小充,1
包三個,1
解饞,1
響應,1
環保低,1
地球日,1
恆隆行,1
廚藝,1
誤闖小,1
手刀,1
配神級,1
台味叭,1
雪酪,1
到彈,1
撞球,1
改吃,1
創新叭,1
敘事圈,1
StoryCircle,1
本以,1
冰剛,1
點熱,1
配芋,1
頭呀還,1
加燒,1
頭塊,1
惡芋,1
冰尬,1
附來,1
洪流,1
西門來,1
香棉,1
彈湯,1
蜜芋燒,1
冰超,1
超超,1
湯圓控,1
follow,1
蹦出,1
極濃全,1
運北門,1
交叉口,1
吃酒,1
時還,1
遇低,1
溫時間,1
部不會過,1
很綿密,1
淋太多,1
冰整體,1
檸檬粉,1
偏酸,1
網路熱,1
搜冷熱,1
20170722,1
甜酒,1
冰粹,1
旁近,1
控到,1
白木耳,1
訪南,1
氣大,1
集結,1
餅與,1
一身,1
滿且,1
大山,1
東餅,1
韓國燒,1
酒配,1
韓國壽司,1
韓國直,1
送材,1
還原,1
韓國路,1
邊攤,1
牛骨湯,1
運號,1
大溫馨,1
報導南,1
全年,1
無休,1
顆賣,1
完即,1
排行,1
報導必,1
一門,1
這家肉,1
圓紅到,1
搶光,1
正南,1
半個,1
為止,1
姐姐,1
圓店,1
到連,1
往往,1
喜愛肉圓,1
安東,1
街肉圓,1
炸雞大,1
餅夾,1
店員有,1
適合帶,1
鐵路,1
湯和,1
無限取,1
平價版炸,1
湯飲料,1
團體,1
新幕平,1
連假,1
三月,1
公館區,1
事來,1
喝冰,1
有熱,1
煙味,1
整家,1
螢幕,1
BEERPONG,1
續攤,1
一站式,1
投影幕,1
出場,1
酒膽,1
跑車,1
Beerpong,1
89Loop,1
不無聊,1
玩不膩,1
下課,1
獨特調,1
射飛,1
看比賽,1
賽事,1
轉播,1
BeerPong,1
神射手,1
打飛標,1
打標,1
完繼續,1
上選,1
265,1
元加肉,1
爽飯,1
相比之下,1
更多,1
哀居,1
ghost,1
eaten,1
這一鍋,1
火鍋控,1
宮崎駿,1
無臉,1
南西,1
香氣足,1
適合邊,1
緣人,1
裝到,1
哩賀,1
768,1
板腱,1
點鍋,1
珍品,1
土雞,1
白蘆,1
薺菜,1
露白,1
靈菇,1
貝燉,1
水蛋,1
清明,1
比必,1
登美,1
之點,1
水樓,1
評選為,1
美南,1
飯續湯,1
瓦城泰國,1
地理位置,1
屋等級,1
種串,1
燒材,1
巴掌,1
大蟹,1
外帶式,1
蟹味,1
巨無霸章,1
魚足,1
獨特醬,1
YELLOWSTONE,1
近紀州,1
手作司,1
康午,1
朝氣,1
蓬勃,1
亮黃色,1
舒國治美,1
市場經,1
台灣味兒,1
超傲,1
還早場,1
大肚子,1
改成,1
吃覺,1
外表,1
實湯頭,1
飄香近,1
皮算,1
之後來,1
輸給,1
溫和順口,1
回念,1
每顆,1
國中,1
可說,1
甘願來,1
味兒,1
充斥,1
生蒜,1
61,1
251,1
0729,1
松松,1
濃濃港味,1
敵強,1
節目強,1
飽滿彈,1
豬肉水,1
餃重,1
夜間,1
掌櫃,1
太威,1
嫂子,1
胸紅酒,1
餐新,1
健人,1
增肌餐,1
有滋有味,1
餐便當,1
增肌低,1
Youtuber,1
所設,1
手搖店,1
身受,1
激推奶,1
喝厚,1
午茉綠超,1
至今已有,1
數月,1
減少過,1
和芋,1
店試,1
喝清涼,1
攜手,1
鮮乳坊,1
飲箱,1
評價菜,1
款滴妹,1
首日,1
秘方,1
瓜仔肉,1
漢堡裡,1
福二,1
炸雞厚,1
欣鍋園,1
衛生紙,1
用到,1
悶熱,1
堂小資,1
價格用,1
平價餐,1
廳義,1
堂前,1
美讀,1
拋蒜香,1
堂北車,1
美小資,1
花費,1
平價免,1
kanelbulle,1
Lotus,1
尼讓,1
控喜,1
歡到,1
中平,1
價版鼎,1
燒椒,1
湯紅油,1
記路線,1
還比,1
但量,1
就點,1
不遜,1
平價版,1
挑選,1
中華美,1
香麻不辣,1
上榜,1
之後就,1
客店,1
加九層,1
還免費,1
仔餅,1
塔免,1
旁雄蔥,1
攤子,1
諜報,1
奇美,1
現排,1
隊潮,1
grotto,1
山洞,1
片刻,1
體會,1
環保署,1
與熱,1
Lagrotta,1
大隱隱,1
LA,1
GROTTA,1
Grottta,1
半凍,1
酒香,1
炎熱,1
午後來,1
擁鬧,1
西門用,1
遠離,1
點寧靜,1
部屋,1
橙花,1
絕佳北車,1
受美,1
不禁,1
停下,1
腳步,1
然後店員超,1
海鮮義,1
會針,1
wee,1
生啤餐,1
敲擊,1
加來,1
大拼盤,1
雞米山,1
爆破,1
瞬間療,1
JapjapbikiniCafeBar,1
邊敲邊,1
japjapbikini,1
雞米,1
花堆,1
成山,1
JAPJAPBIKINI,1
百款,1
JapJapBikiniCafeBar,1
high,1
敲敲,1
Cracking,1
Party,1
敲出,1
節的,1
JapjapbikiniCAFEBAR,1
Bikini,1
大盤子,1
bikini,1
bar,1
輕女,1
japjapbikinicafebar,1
JapJapBikini,1
屁屁,1
燃燒,1
優店員,1
很體,1
貼會,1
遞上,1
餐紙,1
軟軟,1
冰拿鐵有,1
myfavoriterestaurant,1
下載,1
偶爾會,1
二份,1
岩板燒,1
精致,1
698,1
添飽,1
壺湯,1
菌菇,1
但個,1
團子,1
餐酒會,1
整枝,1
稻米,1
爆米,1
稻香,1
石燒豚,1
來藝奇,1
爛漫,1
秋旬,1
大閘,1
痛快,1
夏旬,1
蔗香,1
石燒,1
朴葉燒,1
覺給,1
換然,1
當季旬,1
IVY,1
十歲,1
先付,1
王品級,1
ikik,1
適合小胃,1
王之藝奇,1
最愛這種,1
咕咕,1
元會,1
完椒,1
飽口,1
CoffeeHolic,1
隱藏少,1
真率,1
師生,1
單選擇,1
改名,1
102.06,1
明洞,1
666,1
整罐,1
只想,1
SYNTREND,1
Petitdoux,1
心夢幻,1
麟洋沛,1
奧運期,1
瓦帕,1
還半價,1
petitdouxCaf,1
粉紅色,1
粉紅早,1
CafeBistro,1
男朋友,1
1520,1
微光,1
願意,1
惡美,1
北車京,1
潰堤,1
傳統式,1
前方,1
味蒜味,1
氣蛋餅,1
糊蔥,1
館蛋餅,1
值火鍋,1
阿嬤來,1
發說,1
打手,1
但來,1
店員臉,1
不得了,1
時才,1
何用,1
網美火鍋,1
痛風壽星,1
誇餐,1
低家,1
還沒上,1
之後還,1
上錯,1
特定,1
及學生,1
服務佳,1
耐性,1
動好,1
定買,1
真愛送,1
各類,1
含外,1
加購價,1
一火鍋,1
加價元,1
酸酸,1
可愛又超級,1
WaffogatoI,1
爽辣,1
雞乾鍋,1
火鍋配,1
一活動,1
彈東坡,1
送涼,1
大師,1
最胃,1
Verynice,1
Sogood,1
Sichuan,1
dishes,1
are,1
excellent,1
購價,1
中華涼,1
價購,1
點任點,1
購繽紛,1
裡吃著,1
火花,1
鍋甜點,1
鍋經典,1
四人,1
適宜,1
客介紹,1
鍋走,1
共四個,1
限點,1
晾肉,1
Lovemilkandspicyhotpot,1
Bigthumb,1
lAgreatplacetoeatandgathertogether,1
餐點豐,1
價推,1
Sichuandishesandspicyhotpotareverydelicious,1
Goodrestaurant,1
平價受,1
差矣,1
雜店,1
說明,1
元火鍋,1
點飲料,1
加購,1
點杯,1
優惠活,1
動超,1
文附瓦法,1
Waffagato,1
受乾燒,1
信陽街,1
元明,1
蝦生,1
蠔鍋,1
多利,1
背板,1
乾燒,1
pizzax,1
雲朵,1
想吃鍋,1
陸雙,1
拼火鍋,1
一還,1
一太狂,1
不伙上,1
盡有,1
點火,1
鍋料,1
親民價,1
店點,1
送火鍋,1
點都,1
吃得起,1
很久,1
張點義,1
強制,1
價想,1
餐來,1
不能不,1
超親,1
民價格,1
人頭,1
消飲料,1
改炸,1
客訴,1
專線,1
區補習,1
飯瓦法,1
拜訪,1
老到,1
不動,1
爆甜,1
青草,1
還像,1
藥水,1
沒辦法,1
二超,1
美義,1
慶大,1
看錯,1
脾胃,1
平價排,1
餐室,1
單身者,1
一至,1
仁寺,1
迷必訪,1
紫薯,1
必喝濟州島,1
藍橙拿鐵,1
超超超,1
養雞雞,1
韓國來,1
必等,1
之店,1
卡比,1
藝文空間,1
人氣餐,1
five,1
CinqueTerre,1
披薩義,1
超萌鬥,1
牛犬,1
大必,1
Cinque,1
Terre,1
CinqueTerrePizza,1
最愛去,1
當假,1
因應,1
值來,1
有陽光,1
牛班尼蛋,1
海軍總匯,1
久等,1
單登場,1
控手,1
刀衝,1
可獲,1
secondfloor,1
周末,1
何處,1
美早,1
03update,1
sallyxsally,1
secondfloorcafe,1
小女子,1
光趣,1
BRUNCH,1
SecondfloorCafe,1
無止,1
盡狂,1
海與薯,1
泥山,1
日賣,1
千顆,1
晚起,1
74,1
運是,1
燒內,1
十驚,1
還貴,1
沒特別,1
還質,1
問是,1
其他人,1
早來,1
之恥,1
運流,1
元送,1
金箔,1
尊榮,1
騙騙,1
茶的還,1
運樓,1
下手,1
搖茶,1
喝道,1
包超,1
榮譽,1
但超,1
皮太乾,1
不脆,1
雞腳,1
吉星,1
十倍,1
真懷疑,1
滿五給,1
別浪費,1
綜合來,1
梅醬,1
鑲肉芋,1
蛋心,1
蝦仁腸粉,1
桂圓紅,1
棗汁,1
雞粒,1
超台,1
效率高,1
翻桌,1
運板,1
橋大遠,1
百店,1
MegaCity,1
包好,1
魚蛋,1
全職,1
保姆,1
添好運,1
豈止,1
要品,1
台港,1
Lee,1
sSandwiches,1
異思遷,1
運外,1
名聲,1
訪路過,1
好嚕,1
添添,1
一星級,1
小咪,1
ma,1
米寶哥,1
波比,1
好味叉燒,1
包添,1
腰肉,1
超熱門,1
Tim,1
Ho,1
Wan,1
一星叉,1
運港點,1
美添,1
摘到,1
運菜,1
運點,1
炸春,1
區來,1
差四樣,1
賣甜點,1
飲品還,1
冰過,1
SongShuBonbon,1
愛吃重,1
肥腸炸,1
可當,1
干鍋類,1
放下,1
成見,1
只管,1
受當前,1
慶城素,1
菜蔬,1
慶城店,1
風味蔬,1
對素,1
豐美素,1
均榮,1
獲國際,1
Halal,1
禁止,1
屠宰,1
牛羊,1
牲口,1
肉體,1
淤血,1
失重,1
貴上,1
推薦點,1
適合大,1
烙張,1
醬肉,1
年經,1
抵加,1
日出,1
可愛鯊魚,1
關廟,1
想不到,1
需下載,1
按部就班,1
油飯陽春,1
飄香半,1
甲子,1
佛系生,1
蒸蛋,1
已經成,1
時代憶,1
結束,1
兩間關,1
繼陳,1
同一,1
光泉,1
香雲南,1
南特,1
無骨雞,1
隊人氣,1
四十三年,1
東門鵝肉,1
可愛鄉,1
村風格,1
文青外,1
轉角邊,1
超咕,1
街景,1
台灣師,1
燒道,1
中超,1
TEN,1
廣島燒,1
Okonomiyaki,1
晉江街,1
最愛四神湯,1
小腸,1
粉腸,1
怪味,1
湯頭豚,1
骨白湯,1
加厚,1
這四神,1
湯百吃,1
油煎,1
山東大餅,1
小魯,1
玉山,1
東大餅,1
單大,1
麻麻,1
改裝潢,1
增加,1
現都,1
體稍,1
水浴,1
雞涼,1
牛拌,1
研發,1
出發捷,1
喚起,1
醬涼,1
車涼,1
區外,1
帶美,1
早味涼,1
回歸新,1
違兩年,1
大直,1
直店,1
捷運劍,1
看戲,1
音樂會,1
風高質,1
感無菜,1
預購,1
陶板,1
燒定,1
物美,1
創意鮮,1
風陶板,1
十八,1
味珍,1
團購券,1
發之,1
雖然料,1
久會膩,1
夏慕尼門市,1
慕尼店,1
周到,1
服務過,1
程介紹,1
這師傅,1
吊燈,1
花蝦,1
明嘴裡,1
蘇淋上,1
香檳,1
112,1
鐘時間,1
0613,1
可電話,1
google,1
8.6,1
9.5,1
廣告,1
因人,1
未經,1
授權,1
轉載,1
54,1
折滿額,1
只限,1
1314,1
優惠火鍋,1
樣材,1
態回,1
中價位,1
增量,1
豪華海鮮,1
鍋新菜,1
狩鍋,1
調且,1
Ms,1
美麗氣,1
中用,1
XIANG,1
SE,1
空置,1
房裡,1
歐洲餐,1
跨時空,1
世紀,1
農莊,1
古味,1
區香色,1
生人,1
勿近,1
捷運國,1
父紀念館,1
体驗,1
並不慢,1
表示,1
慢一點點,1
吃快餐,1
東西還,1
中隱藏,1
物慢,1
辛酸,1
古宅,1
感官,1
湖口,1
彎入,1
米色,1
推斑,1
駁的門,1
步入,1
世外桃源,1
吃肥,1
進古法國,1
道具,1
可場,1
穿梭,1
麥仔,1
一咬下,1
亂算,1
很碎,1
湯圓配,1
43,1
推酒釀,1
冷天,1
快到,1
2015,1
203,1
204,1
人氣票,1
雙連圓,1
節快,1
網路票,1
圓仔,1
無聲,1
善事,1
解嘴,1
給愛心,1
風不限時,1
scafe,1
來朝聖,1
試別,1
超綿密,1
附加,1
丘比位,1
稍大,1
灰常,1
是點,1
刻版,1
徳式,1
組成裡面,1
第一眼,1
誤會,1
東西拿餐,1
檸檬鮮,1
醇品,1
手上,1
這巨無霸,1
連木匙,1
尺寸,1
蔬菜水果,1
飽裡面,1
油醋,1
飽到,1
假抹,1
遊地區,1
週二,1
232,1
5838,1
價高,1
大新鮮,1
不柴,1
巨人,1
不止,1
邊吃邊,1
家餐點,1
換菜,1
不習慣,1
手軟,1
改菜,1
我吃過,1
一睹,1
盆裝,1
隱藏華山,1
內人,1
氣號,1
碼機,1
元早,1
洗澡盆,1
細活,1
BONBON,1
丘比手,1
作早,1
木碗,1
花糖,1
這家酒,1
流傳,1
餅香,1
實綿,1
素銅板,1
小丑,1
戲團,1
火爆,1
配置,1
行銷學,1
只用,1
牡丹,1
品只,1
膏蟹,1
肝醬,1
散壽,1
運信義線,1
爭鮮餐,1
日市定,1
8TEISHOKU8,1
開張,1
棒場,1
新鮮味,1
原則,1
上斷,1
體重,1
邀請,1
寶船,1
漁材,1
餅乾泡,1
菠蘿泡,1
BREADPAPA,1
芙實,1
噴香,1
微風站,1
前樓,1
有設,1
老少,1
瑪路,1
主義者,1
管夠,1
就夠,1
巴蕾,1
Malaba,1
不熟,1
雅竹,1
受頂級,1
金格,1
繽紛成,1
雙動物們,1
日日,1
茶長,1
小年,1
氣擁,1
有款,1
彌月,1
沒營業,1
極差,1
價古,1
甜口,1
及半顆,1
裡用療,1
沙織,1
板前,1
台板,1
前手,1
紅薯餅,1
五次,1
總算,1
夠才,1
出攤,1
碰運氣,1
自泰國,1
SOMTUMDER,1
東北菜,1
依善,1
N2,1
BIKE,1
買三送,1
噴發,1
刷子,1
拳頭,1
加斯,1
種浮,1
湧現,1
當兩餐,1
淨白,1
Haveagoodday,1
YAMADA,1
色系,1
專售店,1
立飲處,1
Yamada,1
名門,1
流派,1
區勝博殿,1
SabotenTaiwan,1
金極濃,1
上市日,1
週年慶,1
週週,1
雙人來,1
回機票,1
金黃極,1
司豬,1
當湯頭,1
鮮美涮,1
及洋蔥,1
魚裡面,1
加美乃滋,1
香烤,1
飯後甜點,1
螢幕觸,1
控點,1
餐好,1
每五盤,1
之刃,1
東西蠻,1
一開店,1
最愛鮭,1
魚南蠻,1
平價壽司,1
甜點還,1
同類,1
爆雷,1
7.00,1
牆上,1
新鮮感,1
證明,1
台上,1
pad,1
上點,1
拿出,1
來放著,1
魚介,1
推豚,1
骨七種,1
魚介拉,1
下降,1
嘿嘿嘿,1
趣味性,1
每盤,1
四十元,1
平價旋,1
轉扭蛋,1
Uniqlo,1
會排,1
KURASUSHI,1
扭蛋壽司,1
Kura,1
元單,1
區肉,1
新禾,1
Culina,1
Nova,1
比碗,1
湯濃,1
正鋒,1
超愛在,1
地人超,1
連運將,1
天裡,1
緣別館,1
地獄,1
橫濱家,1
系及,1
htc,1
m8,1
心選擇,1
偷飯,1
獨具,1
服務細心,1
有松,1
葉雪場,1
連線,1
洗碗,1
簡陋,1
線糊,1
一銅板價,1
評價破,1
2200,1
兩樣,1
線加,1
人聲,1
鼎沸,1
超隱密,1
Perfect,1
match,1
超隱藏版,1
肉圓及,1
敦親,1
鄰及,1
高傲,1
近在咫尺,1
銅版美,1
肉圓皮,1
經快,1
五十多,1
老老,1
好夠,1
JIATE,1
特殊技,1
喝質,1
感系,1
百貨站,1
材忠,1
超有質,1
感人,1
氣手,1
百貨內,1
十多,1
樂樂韓,1
團玩,1
桌遊店,1
餐聚會,1
新手,1
上百,1
種遊戲,1
人數還,1
人員會,1
牛切,1
多間,1
鮮美菜類,1
地味,1
膩價格,1
實惠飯,1
會前,1
取消,1
意思,1
有訂,1
很膩,1
喜愛上,1
Choice,1
以價格,1
不喜歡,1
燒愛店,1
沒吃壽,1
新受,1
吃免,1
無肉,1
不歡,1
排連鎖店,1
進駐,1
天母,1
類出,1
國大,1
卡滋卡滋,1
飯有點,1
一點味,1
擔心豬,1
排會,1
會酸,1
排醬,1
加在,1
line,1
湯裡面,1
Z2,1
運旁邊,1
一到,1
----------#,1
mag,1
letsguide,1
taiwn,1
感謝,1
台灣吉豚,1
排蓋飯,1
一百多元,1
含吉豚,1
屋菜,1
轉運站,1
克肉,1
味增,1
湯十有,1
肉定,1
美吉豚,1
點最,1
屋四訪,1
有大有小,1
前應,1
確保,1
夠裝,1
速豬,1
過白飯,1
屋台灣,1
Katsuya,1
排美來,1
屋來,1
平價炸,1
排吉豚,1
國民豬,1
祥滿速,1
乾豬,1
美魚頭,1
濃好,1
鍋叻,1
沙鍋,1
美沐樂,1
店輕,1
尼太,1
站沐樂,1
MLCafe,1
廳華山,1
114,1
moooolerMLCafe,1
沉溺,1
正妹,1
美女,1
日光,1
Kollect,1
卷坊,1
社畜,1
引頸,1
期盼,1
活動來,1
日期,1
但現,1
呼叫,1
支援,1
付款,1
同組,1
需選用,1
特價,1
列入,1
禮券及,1
高空,1
寒冷,1
選拔,1
展開,1
哈哈大笑,1
辛香,1
甜醬,1
油帶,1
出洋,1
蔥鮮,1
魚尬,1
最後老,1
全身,1
總能,1
試過,1
ARA9a8,1
上肉,1
算快,1
鍋看,1
可樂壓,1
白開水,1
裝錯,1
飽且,1
前身,1
水產好,1
普渡,1
免運宅,1
寬粉,1
辣豆香,1
裡小,1
shop,1
mongobeef,1
輸入,1
first,1
現折,1
常溫,1
前下單,1
可當天,1
各項,1
陸續,1
上架,1
說還,1
買什麼,1
豐富材,1
平價壽,1
口罩,1
傳染,1
鋤櫃台,1
設有,1
酒精,1
手部,1
勤洗手,1
偏愛的,1
站民國,1
超香超,1
湯頭實,1
太無敵,1
跟花,1
震攝,1
藝文特區,1
客滿善,1
實惠大,1
元合菜,1
內遊,1
網美桌,1
遊店,1
7Plus,1
室內,1
耳朵,1
糖醋,1
老餐館,1
老手,1
巡禮,1
第一站,1
老傑克質,1
超商,1
老傑克,1
OldJack,1
正北,1
拿鐵,1
二館,1
養豆,1
安店,1
安東路,1
幫忙,1
還能生,1
啤無限暢,1
碳火,1
極限生,1
蠔龍,1
滿大胃,1
是屬,1
大干,1
牛海賊,1
材多達,1
還有帥,1
哥店,1
順意,1
animate,1
安利,1
美特,1
幽遊,1
白書,1
雞絲涼,1
周家,1
Caviercafebrunch,1
Caviar,1
親店,1
全菜,1
外出,1
topping,1
給了,1
芋圓加,1
花豆,1
煮料,1
纖維,1
伯問,1
泰胖,1
Hamster,1
網購,1
區良,1
HamsterDessert,1
區茶,1
飲甜點,1
新幕大,1
樂雅樂家,1
山型,1
包外,1
Royal,1
Host,1
炎弟,1
百頁,1
裡超,1
蠻平價,1
兒小館,1
趕時間,1
最火熱,1
會大,1
便餐,1
物廉,1
No.62,1
牛腩,1
二訪祥美,1
顆鮮,1
鼓汁,1
館泰國熱,1
自來,1
華僑,1
夫婦,1
魚和,1
緬主廚,1
拿手,1
接受度,1
有亮點,1
牛肋燉,1
當已,1
經吃過,1
攝取,1
食族,1
巫婆,1
高纖,1
只蒸,1
萬華小南門,1
四訪,1
羔羊,1
羊排,1
非常低,1
調隱密,1
貴為,1
相應,1
玻璃花,1
造景,1
濕式,1
天肋眼,1
餐前,1
內層,1
香軟,1
奶粉,1
稍重,1
最最,1
包抹,1
乾濕式,1
優惠小南門,1
里程碑,1
天熟,1
成美國,1
酥脆可口,1
氣餐,1
適合午,1
環球板,1
餐飲店,1
對話,1
歡寧靜,1
高腳椅,1
工學,1
人員極,1
差主餐,1
DRIPcafe,1
适合,1
时候,1
舍友,1
图片,1
以后,1
店员,1
小姐姐,1
告诉,1
要点,1
时间,1
一个半,1
小时,1
体验,1
很浓,1
松脆,1
小刀,1
切着,1
后面,1
小腻,1
价格低,1
搭鳳梨無糖,1
甜食,1
溫熱點,1
DRIPCafe,1
結合體,1
多免,1
超推滴,1
蛋仔,1
這應,1
甜點控,1
古巴,1
我媽,1
戀夏繽紛,1
冰球,1
客騙,1
----,1
還必點,1
小胖,1
肉芋,1
打豬,1
濕潤芋,1
氣必點,1
控必點芋,1
豬早,1
麥香,1
喬遷,1
筆電族,1
熱潮,1
煉獄,1
檸檬味鮮,1
樂趣,1
香好,1
風格適,1
如同,1
專心,1
NUKICAFE,1
風定,1
定好味,1
受悠閒,1
亭台,1
月球,1
燈甜點,1
老社區,1
狸貓杯,1
下回,1
條都屬,1
上乘之作,1
每碗,1
沒少過,1
最內行,1
散落,1
對衛生,1
敏感,1
阿姐,1
店炭,1
北科學生,1
蹄花,1
連炸醬,1
口齒,1
配像果,1
夠嫩,1
但湯,1
合在一起,1
沒到,1
店租,1
拉高,1
成本,1
約翰,1
屈服,1
free,1
大話,1
題性,1
控喝,1
黑酷,1
正好,1
蕨餅,1
每一秒,1
希爾頓,1
寓所,1
Resonance,1
是網,1
爸媽,1
小侄女,1
放風,1
色球,1
超開心,1
一旁,1
420,1
金黃炸,1
柳橙汁,1
深得,1
forum,1
86846,1
資料,1
北路,1
2396,1
258,1
facebook,1
Richdaddycafe,1
文創園,1
金銀球池,1
滑梯,1
原木,1
質感遊,1
戲區,1
花圈,1
吊飾,1
絲絨,1
座椅,1
貴氣,1
單層,1
巨無霸漢堡,1
實風味,1
淘客,1
burger,1
talk,1
氣多層,1
連鎖速,1
鐘低,1
孩童,1
除外,1
桌面,1
甘清蘿,1
太厚,1
流出,1
飯中,1
激推江戶,1
達成,1
30cm,1
穴子魚,1
聯手,1
奢華極,1
必吃極,1
公穴子,1
中天婦,1
剝掉,1
弄掉,1
三井,1
就膩,1
茶杯,1
內會,1
兩顆,1
泡著,1
鳳尾,1
干貝及,1
海鮮炸,1
青龍,1
玉子,1
差異,1
祖傳醬,1
月光,1
米過,1
終於吃,1
真好,1
滿個,1
完會,1
小膩,1
第一碗,1
橋人氣,1
要排,1
超澎拜,1
婦羅滿,1
連連,1
半份,1
嘟嘟,1
氣豪華,1
糜美,1
跑跳,1
全紀錄,1
神等級,1
飛出國,1
不及格,1
泰瑞,1
半之助終,1
剛幕,1
鬼扯,1
東京必,1
助人,1
橋排,1
淋湯,1
Noodle,1
灣牛,1
景國產,1
Dr,1
TAP,1
產銷,1
通過,1
國家驗證,1
鍋堂,1
認證台,1
牛鮮嫩,1
四次,1
Google4.3,1
文青魯肉,1
創新下,1
服務不錯,1
聞到,1
佩雯姐,1
淪陷,1
網查,1
十多次,1
元大,1
多達十種,1
附養,1
鍋菜,1
台中來,1
區養鍋,1
平價料,1
台中必,1
大受,1
隊火鍋,1
平價實,1
湯頭佳,1
AB,1
組合超,1
海綿,1
瑪德蕾,1
多莓果,1
荔枝,1
9590,1
900,1
photographer,1
blogger,1
delicious,1
dessert,1
iggirl,1
igtw,1
igfoodie,1
cam,1
eat,1
反轉,1
坐擁,1
天窗,1
羊乳酪,1
ChezNous,1
翻轉,1
Chez,1
Nous,1
心實,1
像家,1
地雞串,1
湯葉鮮,1
gd,1
青田,1
七六,1
新作,1
Fireweeds,1
炒手,1
夠勁,1
大乾,1
給小資族,1
歐伊西,1
定首,1
挑掉,1
類似,1
堂定免,1
風格定色,1
材煮物,1
物燒,1
全家人,1
橘線,1
詠樂,1
賣光,1
鬼匠,1
cheese,1
scheeseCake,1
過量,1
綿細,1
輕盈風,1
手信,1
垂涎欲滴,1
特賣,1
UNCLETETSU,1
SSHOP,1
Cheesecake,1
UNCLE,1
TETSU,1
&#,1
CHEESE,1
CAKE,1
sCheeseCake,1
慣著,1
清閒,1
尋幽訪,1
酒肆,1
塵夢醒,1
滿居酒,1
轉變,1
隱世所,1
巷子口,1
泰喝,1
喝泰奶,1
可調,1
調冰,1
螞蟻,1
另有蝶,1
椰子,1
創門市,1
號潤餅,1
魚加,1
魚潤餅,1
挺不錯,1
救星,1
訂單,1
餃東門,1
御園坊,1
閉關,1
客群,1
或標,1
質吸客,1
逼近,1
三公,1
81,1
2oz,1
oz,1
那碗,1
排就還,1
很細,1
時蔬,1
醬加,1
醬油味,1
重有,1
點蓋過,1
半斤,1
重吧,1
每晚,1
連湯底,1
喝光,1
輕輕,1
一撥,1
3.0,1
現金價,1
折超,1
最貴六人,1
雙人份,1
四點,1
道材,1
莫凡,1
之久,1
大腸鮮,1
角色,1
仔肥,1
透過,1
行動,1
裝置,1
內門口,1
總有,1
上門,1
N年,1
週二到,1
振興券,1
附詳,1
細菜,1
超豐,1
美看,1
三鐵共構,1
屋體驗,1
承襲,1
NTD,1
元有,1
全下,1
太扯,1
不乾淨,1
小蟲,1
還活,1
異物,1
半生,1
違和感,1
附湯,1
肉丸子,1
信義有,1
燒親,1
手羽,1
張雞,1
初出,1
雞三和親,1
秋刀,1
肉不會,1
點水,1
笨蛋,1
立吞壽司,1
貴哥,1
2MINI,1
鍋湯頭,1
鯨魚,1
即鍋,1
人獨,1
12MINI,1
四位,1
服务态度,1
不够,1
殷勤,1
东坡肉,1
尚好,1
一盘,1
香乾,1
切工,1
没见,1
看来,1
飯毫,1
幸好,1
醉鸡,1
芝麻汤圆,1
菜館,1
美都,1
遷店,1
湯圓美,1
菜美,1
不礙,1
胃菜,1
湯圓絕,1
餡豬,1
油黑,1
芝麻糖,1
垂涎三尺,1
蔡萬興肉,1
鮑喜,1
連叉,1
少有,1
福島,1
條軟,1
油酯,1
實則,1
皮薄味,1
火鍋外,1
隨緣,1
越南籍,1
服务生,1
原来,1
以为,1
反应,1
效果,1
料到,1
更差,1
两句,1
警察,1
付账,1
霸王餐,1
对待,1
花钱,1
受辱,1
把員工,1
不給,1
規矩,1
完嘴,1
何要,1
服務差,1
場推薦,1
鼎王,1
鍋創,1
始店,1
自立,1
門戶,1
包紅,1
豆沙包,1
小農鮮奶,1
顆的,1
小農鮮,1
乳綠,1
小木屋,1
階段,1
暖暖的,1
激賞,1
法芙娜,1
安靜位,1
少寵物,1
弄二樓,1
飯古亭,1
鐵皮屋,1
春天,1
暖味,1
檸檬喝,1
鐘可到,1
區南陽,1
2311,1
7070,1
鐵觀音,1
115,1
199,1
敵紅,1
相隔,1
再度,1
有四層,1
每層,1
拆掉,1
變成樓,1
梯店,1
點整,1
微糖個,1
討論,1
報告,1
公事,1
-..#,1
宛若,1
霍爾,1
王座,1
時網,1
光大,1
區超夢幻,1
常態,1
欠缺,1
思慮,1
還態度,1
有拉花,1
種種,1
廁所馬桶,1
摔倒,1
沒遇過,1
來給,1
取景,1
奧蘿茉漢堡,1
奧蘿茉菜,1
北車網,1
人太多,1
花牆,1
翅膀,1
哈利波,1
特風,1
不為,1
超慢,1
依賴,1
奧蘿茉網,1
最愛花,1
不太好,1
美呆,1
沒禮貌,1
了不起,1
東西掉,1
店員回,1
多小時,1
進場,1
排個,1
不排,1
區本來,1
出手,1
住門,1
門關,1
制止,1
排想,1
答案,1
回覆,1
放人,1
一頭,1
著菜,1
單走,1
說終,1
直直,1
往排,1
進去過,1
更後面,1
六個,1
較久後面,1
這說,1
略過,1
白眼,1
走人管,1
不必要,1
草皮,1
地板,1
可愛但,1
有點膩,1
魚起,1
魚餡,1
給得,1
上下,1
滅火文,1
太衝,1
臭味,1
原始森林,1
樂園,1
御品,1
SWEETYHOUSE,1
版夢幻,1
搶攻,1
三十多年,1
76,1
左右幕,1
洋蔥湯,1
公館現,1
實在量,1
BBQ,1
得點,1
鄰家,1
地古,1
豬油味,1
總之比,1
旁古,1
配魚,1
元好,1
放中,1
如餐,1
廳般,1
節帶,1
媽媽來,1
Mother,1
鍋燒意,1
五碗,1
紫蘇梅,1
朝柴,1
角度,1
國家二級,1
LePromenoir,1
如初,1
戀時,1
甜香,1
期待值,1
太高覺,1
蝦仁蛋,1
合胃口,1
小米粥,1
中菜館,1
鍋誠意,1
點類,1
館子,1
燒魚,1
介豚,1
無懈,1
可擊,1
著木曜,1
超玩,1
四平,1
單不多,1
魚介系豚,1
稠厚,1
伊通,1
魚系豚,1
系湯頭,1
魚系,1
獨特鮮,1
魚味,1
屋緣,1
On,1
DAY,1
時釀,1
控千萬別,1
元能,1
最愛喜,1
歡奶,1
台語,1
諧音,1
很絕,1
美手,1
輕柔,1
怦然,1
餘韻,1
海潮,1
浪人,1
野蝦,1
前來場,1
材新鮮,1
鍋營業,1
人情,1
不合理,1
優惠是,1
因為量,1
少鍋,1
鍋味聞,1
哪來,1
價錢略貴,1
商務,1
最愛火,1
鍋哩,1
中部,1
八顆,1
濃滑,1
這一夏,1
杯杯,1
73%,1
最經典,1
同場,1
人氣彌月,1
美肉,1
五連發,1
DairyQueen,1
古窯燒,1
燒便當,1
俗俗,1
海島,1
來網,1
變網,1
情調,1
系網,1
網美風,1
Macho,1
聚集地,1
早熟,1
晚睡,1
天涼,1
莫札,1
瑞拉,1
纖維素,1
Fun,1
Juice,1
部門,1
全體,1
同仁,1
時機,1
聚起,1
敬請,1
惠及,1
適用,1
2351,1
0668,1
市民,1
特約,1
停車場,1
館內,1
滿額,1
細心,1
文物,1
藝術演,1
修養場,1
當道,1
品茗,1
轉彎處,1
跳躍,1
WANGXINAG,1
時代感,1
進萬,1
花筒,1
入眼,1
宇宙,1
老物,1
陶醉,1
舊裁,1
縫店,1
成小酒館,1
現中,1
韓國華僑,1
湯涼,1
加平,1
價大,1
周遭,1
美店,1
附老,1
附麥達,1
平價位,1
四主,1
國民美冠,1
原古亭,1
新北市,1
農業局,1
元珠,1
蔥憶,1
珠蔥憶,1
五道,1
3999,1
菜試,1
季美,1
宴賣,1
人份,1
為團,1
爐加,1
值港點,1
家宴,1
愛炸,1
創始者,1
Awaycafe,1
作畫,1
畫畫,1
附白飯,1
現烤熱,1
冰著,1
冷著,1
館快,1
閃店,1
可愛是,1
師父,1
換人,1
命名,1
旨在,1
傳承傳統,1
創心,1
作用,1
巧克圈,1
不甜,1
包甜點,1
把手,1
Bread,1
進時光,1
知曉老物,1
沙發椅,1
撒嬌,1
蘇真,1
房主,1
重返,1
檸檬米,1
古情,1
老客,1
作客,1
Kebab,1
kebab,1
平價用,1
重順,1
一臭香,1
當年,1
烤熱,1
不喜,1
不鮮,1
感念,1
創盛號,1
去慶,1
生會,1
很淡,1
一端,1
來餐,1
方向,1
最後結帳,1
請櫃,1
我算,1
但櫃,1
過訓練,1
蛋撻,1
港苑,1
荷蘭鐵,1
包一吃會,1
十貫握,1
TekkaYakinikuBreezeTaipei,1
橫濱,1
以豬,1
干貝為,1
台灣崎陽軒,1
創時代,1
糕餅,1
攻年,1
輕市場,1
送綠,1
包在,1
裝蒜,1
包超炸,1
布里,1
檀島,1
避風塘豬,1
Corner,1
激推療,1
自鳥取,1
殺生,1
整點,1
高級生,1
取生,1
TREES,1
BREAD,1
上去,1
大樹下,1
大甲芋,1
及彌月,1
經典芋,1
頭芋,1
認可,1
泥卷,1
衝出,1
紅豆卷,1
紅豆顆,1
沒有芋,1
吉兆,1
淡到,1
農鮮,1
無所,1
事事,1
海豹,1
環保,1
提袋,1
萌慘,1
色香味,1
白蘿,1
388,1
滿均,1
辣底,1
過厚,1
308,1
德士,1
滿豐富,1
起來紅,1
太辣,1
上層,1
還撲上,1
吸飽,1
薄薄,1
脆響,1
不太到,1
更佳,1
2388,1
3086,1
以後會,1
失秘,1
水原,1
王炸雞,1
泰一格,1
改名字,1
鍋還,1
統一,1
時代餐,1
平價起,1
司條,1
條香氣,1
鐘賣,1
樂天,1
胖達,1
環島,1
美遊,1
起士條,1
糖份,1
柳土,1
油白切,1
十六,1
Sixteen,1
chateau,1
骨系,1
真要,1
油量,1
就彌補,1
這項,1
條都,1
爆彈,1
Yamaarash,1
柔滑,1
降雪,1
般覆蓋,1
背脂,1
用紅茶,1
環遊,1
奇福扁,1
免費贈,1
913,1
茶王,1
天仁,1
DM,1
全省,1
漫餐,1
澳式,1
香夠,1
居酒堂,1
要團,1
屋公館,1
鳥居,1
蟲壽司視,1
覺味覺,1
干與生,1
亞東,1
戲院,1
Shu,1
Yun,1
天地,1
魚卵,1
午魚,1
居食,1
眼睛,1
一亮,1
新事業,1
好康,1
位公館,1
醃料,1
吐趣,1
古亭師,1
輕可愛的,1
桔醬豬,1
師大早,1
前先筆,1
金乓魯肉,1
差到,1
不信,1
姓紀,1
開除,1
硬邦邦,1
烏龍湯,1
餅烤,1
皮是,1
夠多,1
部餅,1
飽實,1
噴太學口,1
包香腸,1
販高人氣,1
腸包,1
金陵,1
傳香,1
解渴,1
滿意生,1
爆滿炙燒,1
無數次,1
舊店,1
那麼料,1
實材,1
配方,1
心愛的,1
地外,1
二重奏,1
有炙燒,1
受到,1
看著整,1
口水直流,1
嘗嘗天,1
別人點,1
大老遠,1
followforfollow,1
follow4follow,1
followtrain,1
身量,1
足新鮮,1
天高,1
半炙燒,1
激推新鮮,1
打折,1
公館生,1
更技,1
這般,1
附價,1
目表,1
筋太多,1
反應後有,1
應變,1
蠻有,1
機會會,1
離家近,1
這吃飯,1
薯塊,1
咬漢堡,1
LAFBurger,1
三圓,1
冰晶,1
透亮,1
OMG,1
粉圓冰,1
膩的,1
可藍菲菲,1
156,1
2367,1
1587,1
退步,1
088,1
一人份,1
附雞蛋,1
x1,1
趕緊,1
打入,1
混著,1
蒜片,1
單點價,1
包著,1
綜合海鮮,1
薄香,1
魚丸燒,1
香柚,1
另收,1
大都,1
Menuhttp,1
dubuhouse,1
html,1
號樓,1
311,1
988,1
飽足輕,1
每一個,1
脆奶,1
港點還,1
味方,1
点心,1
記水,1
實又大顆,1
調味剛,1
蒜末,1
香油,1
煮水,1
餃教學,1
品行,1
燕餃,1
站洋,1
Skylark,1
芳鄰,1
遠百寶慶店,1
298,1
邱烤,1
按電鈴,1
上樓,1
大料,1
一大早,1
連屑屑,1
麗園,1
豆皮,1
最軟爛,1
體諒,1
太陽幫,1
我換,1
LaoDang,1
七十,1
lao,1
deng,1
四代,1
街捷,1
炒粉,1
年道,1
地港味,1
大裝潢,1
旅遊小筆,1
雲吞鮮香,1
豬扒飯量,1
可愛炸物,1
定任,1
紫蘇飯,1
海大,1
鑽石龍,1
石斑,1
敵少,1
卡滋卡滋腰,1
及味,1
湯免,1
費無限續,1
起炸,1
氣熱,1
牛熱,1
北周,1
Antoine,1
Room,1
轉型,1
登安東廳,1
牛丁骨,1
鹽燒,1
大麥克版,1
黑黑,1
太欠,1
最浮,1
很道,1
元硬幣,1
好務必,1
隱藏平,1
最厚,1
發糕,1
附泰獅,1
武昌,1
內泰國,1
先訂位,1
巷裡,1
泰國味,1
區低,1
調人氣,1
泰味兒,1
必點椒,1
麻雞夠,1
大必點,1
賣相,1
不凡,1
平價樸,1
實好,1
華店,1
町壽司,1
跨海,1
美供過,1
求點餐,1
機系統,1
繁忙,1
想點餐,1
華路,1
GUUDTEA,1
雪晶凍,1
GUUDTEAANDCOMPAY,1
喝手,1
獨特膠,1
飲料裡,1
歐美時,1
logo,1
還不衝,1
湯東門,1
場羅媽媽,1
Yeh168,1
兼補貨,1
儀式,1
聖地,1
站華山美,1
鬼才,1
PAULSMITH,1
堂華山文,1
簡樸,1
酒粕,1
Elly,1
sBlog,1
生仔,1
車在,1
會滴,1
可二訪,1
COMIDA,1
11.11,1
嚴選材究,1
好豬,1
土雞蛋,1
嘴裡,1
披薩超,1
可蜜,1
達炭,1
首選大,1
出乎意外,1
強大,1
流汁,1
圓形,1
拉絲,1
爆流,1
熱點,1
推炭燒,1
超爆漿,1
嗜辣者,1
鬼椒雙,1
自拔,1
起士雙,1
究好豬,1
舒康,1
差評,1
午飯,1
這韓式,1
來試,1
愛食,1
記看,1
食評,1
總得,1
親自來,1
NR,1
化算,1
剛開始,1
上午,1
占個,1
生怕,1
白走,1
一敞,1
猶豫,1
剛過,1
滿座,1
韓劇,1
3F,1
樓層,1
常滿,1
約會首,1
怎能不,1
豐盛早,1
嘉年,1
華大,1
小卷,1
巴黎,1
下北澤,1
平價且,1
Caffe,1
4Mano,1
有飯,1
有雞湯,1
文青網,1
美裝潢,1
飯燉,1
蘇整,1
推到,1
SupremeBeansCoffee,1
香濃上,1
溫糖,1
核桃,1
烘豆,1
渡過,1
區有貓,1
累華山來,1
捷運延線,1
著貓,1
玩玩,1
換吃,1
新豆,1
貓咪共渡,1
溫馨貓,1
拍貓趣,1
想來點,1
雙珠任,1
gossipbite,1
雪山,1
莓莓,1
會戀,1
中尉,1
退休,1
三樣湯,1
條滿,1
滿古早,1
神器,1
主婦,1
往後滑,1
綜合千層,1
920,1
節還,1
選什麼,1
看來點,1
優惠為,1
全館,1
滿千折,1
退冰,1
雪糕,1
色澤叫,1
果肉,1
難吃膩,1
抹度,1
很厚實,1
夾了,1
餅乾內,1
台中市,1
中區,1
138,1
網頁,1
touched,1
04,1
2224,1
3372,1
多千層,1
愛文,1
好夥伴,1
值千層,1
隨手,1
ShangShang,1
愛爾蘭,1
青春,1
年華,1
獨留,1
館品,1
這雞,1
音樂廳,1
仙人,1
走獸,1
兩廳,1
院屋,1
狂炸,1
紅玉滿,1
赤心,1
離騷,1
中藥,1
算塔羅流,1
這絕,1
餃大顆,1
魯味現,1
切加,1
超死,1
對小朋超,1
絕不會,1
兩大,1
剛入,1
murmur,1
端菜,1
還用,1
負責,1
那位,1
臉超,1
前面,1
吼叫,1
不爽,1
當場,1
店好,1
幾位,1
偏油,1
夠力,1
夠美,1
價格夠,1
推大,1
覆訪,1
總共點,1
白珍珠,1
口吻,1
碳培雪腐,1
冰棍,1
香濃奶,1
附紅豆,1
膩微苦,1
濃郁且,1
不必,1
刻意,1
錢價格,1
icemonster,1
裡店,1
內品,1
項以,1
冰為,1
價格並,1
濃郁綿,1
密雪綿冰,1
戀佐鮮,1
煉乳無限,1
對珍奶,1
生硬,1
冰吃,1
不低,1
沒加煉,1
紅與,1
冰時,1
香襲擊,1
也還,1
比台,1
適合淋煉,1
光是,1
發網,1
美氣息,1
門超級,1
推開,1
卡在,1
用力,1
進店點,1
店員會,1
領完餐,1
端到,1
可食用,1
覺得共食,1
吃久會,1
小東西,1
錄淋,1
死當,1
給吞,1
無奈,1
奈何,1
244,1
客滿時,1
雙色,1
軟芋圓,1
自新北,1
總醫院,1
單懷,1
舊雲南,1
巫雲舒國治,1
包料,1
有傳,1
橋旁,1
泰國主廚,1
四人合,1
999,1
選四人,1
叢林豬,1
氣生,1
蜜餞,1
必選,1
比大賣,1
場還,1
來頓,1
洋洋,1
THAITHAI,1
創意生,1
萬華絕,1
龍美,1
來古,1
旁美,1
獨特醬料,1
油份,1
請用,1
區拉,1
乾拉,1
吃膩湯,1
推乾拌,1
無湯,1
組乾拌,1
一篇,1
八間,1
精選美,1
度度,1
以後不會,1
喝啤酒,1
華山人,1
燃起,1
文青魂,1
農無毒材,1
alleycat,1
spizza,1
華山早,1
ALLEYCAT,1
回應,1
AlleyCat,1
脆餅,1
stone,1
oven,1
Backed,1
pizza,1
區店,1
龍現,1
咖博館,1
聚落,1
秀屋,1
購愛心,1
獨特實,1
張君雅,1
加味,1
橙汁,1
富貴,1
540,1
1100,1
毛肚,1
450XO,1
雙脆,1
當紅,1
不會怕,1
敵大,1
鳳梨蝦,1
光吃,1
這兩道,1
然後會,1
隱私,1
宅宅,1
猛猛,1
蛋價格,1
人立,1
略有,1
果氣,1
配燒,1
解油膩,1
羨慕,1
裝滿,1
直上,1
可加飯,1
給別,1
蛋太滿,1
蓋滿,1
這爽度,1
精肉,1
附師,1
大店,1
油煙味重,1
木炭,1
香醬,1
配會,1
一種燒,1
廖家,1
安宅,1
AnJai,1
安宅燉,1
本地,1
蛋黃八熟,1
蛋肉,1
高規格,1
補足,1
好元氣,1
旺旺,1
攤美,1
驕傲,1
好奇,1
著台,1
版千層,1
嗜辣,1
麻香拌,1
蔥紅燒,1
推蛋餅,1
加蘿,1
二個,1
高齡,1
林爺爺,1
推著,1
賣車,1
華南,1
側門口,1
如一日,1
星島,1
彈新鮮,1
街平價,1
豬蹄肉,1
小資美,1
松滿樓,1
好香,1
碩大超,1
甜嫩,1
胖胖,1
QAQ,1
餃子店,1
之後拿,1
回來湯,1
沒綁,1
湯只,1
湯用,1
綁緊,1
湯放碗,1
裡蓋緊,1
打去,1
道歉,1
沒說,1
回來換,1
會為,1
那袋,1
覺得員,1
工訓練,1
本味,1
廣東腸粉,1
高砂,1
Fujin,1
Tree,1
Landmark,1
4.7,1
星網友,1
氣異,1
國美,1
二碗,1
換人經,1
營後變,1
店大欺客,1
煮菜,1
頭新鮮,1
隆黑輪,1
蛋丸,1
平價義式,1
貴義式,1
980,1
披薩好,1
Relax,1
旅樂序,1
墨魚義,1
氣派,1
沈著,1
黑色,1
創新義式,1
首選餐,1
節首,1
選約會,1
節首選,1
同學會,1
中義合,1
香鮮,1
之三,1
寶義,1
裡用,1
三星,1
大加,1
醬義,1
雞翅平價,1
西門館,1
選含,1
000cc,1
氣飲料,1
阿吉豆,1
美大學口,1
野崎家,1
氣拉,1
務費鄰,1
139,1
起平價,1
推雞塊,1
博多,1
豬骨拉,1
favorite,1
love,1
ramen,1
一風堂,1
背景,1
Taste,1
Asia,1
印馬餐,1
竟有,1
炒碼,1
TasteofAsia,1
沙嗲雞,1
梭多牛,1
size,1
陣子,1
叫小賀,1
沒絲,1
頤半筋,1
來北門,1
xKAO,1
東西去,1
忍受,1
辣在點,1
單時,1
自訂,1
安全,1
小吃街,1
邊懷舊,1
定餐點,1
屋凱薩店,1
泥炸,1
醬定,1
純樸,1
幸福家庭,1
Ootaya,1
泰奶,1
蝦皮,1
物價,1
平價到,1
思議,1
接地,1
政府,1
官員,1
當首選,1
續定,1
堅持續,1
豐盛佳餚,1
忠勤里,1
開設,1
中途,1
輟學,1
不愛讀,1
專長,1
學泡,1
學煮,1
但願,1
好意,1
艾索,1
炒料,1
夾餅,1
用異國,1
已來訪,1
偶爾因,1
給喜歡,1
種以,1
綜合海,1
綻放,1
六貫,1
玉子燒,1
師大美台,1
號新,1
鮮料,1
敵海,1
主客,1
氣了,1
燒鮮嫩,1
湯有,1
嫩給,1
四到,1
五片,1
蝦醬,1
乾蒜頭,1
差別,1
騷味,1
妙不可言,1
濃白,1
重熙門,1
條比較,1
金黃色澤,1
殘留,1
運小南門,1
鮮美會,1
挺特別,1
偏熱,1
有類,1
一燈,1
更為,1
湯頭加,1
條偏,1
並卷,1
心蛋用,1
浸漬,1
利用,1
較無法,1
現肉質,1
嫩度,1
並非用,1
許是,1
淪為,1
配角,1
如日,1
似中,1
魚專賣,1
魚必點,1
萊陽,1
桃酥,1
連鎖義,1
北科,1
學生會,1
收店,1
MPASTA,1
質與量,1
So,1
so,1
光華餐,1
元人氣,1
館平價,1
四碗,1
大狗,1
受其,1
隨櫻花,1
祭用,1
櫻花餐,1
控聖地,1
風抹,1
控大,1
其實還,1
神遊,1
春日,1
推師,1
一眼,1
望去,1
連內部,1
隱約,1
發出,1
茶生,1
選正統,1
來介紹,1
細細品,1
這手,1
微熱且,1
敦厚,1
相當潤,1
這抹,1
階梯般,1
每一層,1
輕壓,1
那畫,1
面還,1
賞心悅目,1
控絕,1
難切,1
點醜,1
梅果,1
緩和點,1
總結,1
點抹,1
不重,1
濃郁道,1
地價位,1
抵消,1
心裡,1
尋問,1
愛回,1
不回,1
事櫻,1
芭菲,1
事師,1
甜點師,1
之滿,1
屋子,1
特濃抹,1
重溫,1
反覆,1
吃不胖,1
活在,1
兩套,1
Haha,1
玄米,1
茶京事,1
沒轍,1
偷一點,1
西京,1
蝦壽司,1
最喜,1
歡大切生,1
年壽司,1
魚羅勒醬,1
價壽司,1
王牌,1
繁多,1
最滿意,1
郎平,1
省去,1
賀甲,1
中腹,1
建議點,1
湯類,1
貴大,1
有用,1
板子,1
隔開,1
Hama,1
再者,1
油油的,1
轉蛋,1
hama,1
五盤,1
蒐集,1
跟櫃,1
換轉,1
有心,1
換禮品,1
館前,1
正式,1
先來,1
秋刀魚,1
赤貝,1
華路店,1
郎二號,1
北旗,1
臨時,1
解決,1
下公車,1
搭捷,1
運到,1
鐘車,1
程及,1
660,1
醋飯,1
很合,1
大腹,1
任性,1
媳婦,1
導入,1
IT,1
晶片,1
報廢,1
婦羅是,1
這排,1
嚇人,1
附壽司,1
將幕,1
店據,1
試水溫,1
KuraSushi,1
大樓,1
看吧,1
挑戰壽司,1
建議線,1
可見,1
可怕,1
久候,1
別為,1
紅色,1
面上,1
螢幕點,1
餐由輸,1
輪流,1
超加,1
拿過,1
把玩,1
餐系統,1
每桌,1
打架,1
送過,1
兩貫,1
干貝醬,1
燒握,1
大致,1
幾樣,1
到熱,1
太熱賣,1
這桌,1
跟熱,1
小粒,1
很像果,1
酸味,1
怪人,1
大帆,1
立貝,1
大鮮,1
帆立貝,1
足足,1
炙烤,1
計算價,1
手數,1
科技化,1
數到,1
會扣,1
累加,1
很不優,1
要集,1
換贈品,1
區館,1
261,1
重要,1
早進,1
戰爭,1
抽完,1
然後看,1
著別,1
人先,1
逛逛,1
抓時間,1
過號,1
五組後才,1
中是,1
詳情,1
依照,1
程序,1
sushiro,1
三大,1
HAMA,1
全到,1
剛幕個,1
壽命僅,1
台灣幕,1
含壽司,1
緊鄰,1
郎旗,1
鑑店,1
惡班尼,1
悠閒受,1
約華山,1
生鮮,1
灑了,1
種子,1
全麥,1
完到,1
睡覺,1
明顯,1
濃湯然,1
差臉,1
臭令,1
去櫃,1
什麼還,1
菜梗,1
光合作用,1
受陽光,1
洗禮,1
逛展,1
之餘,1
頓飯,1
好日子,1
紅藜,1
SLOW,1
調味包,1
咬牙,1
柴到,1
五百,1
不開心,1
Friday,1
night,1
時餐,1
還有義,1
裡回憶,1
算命,1
超喜,1
歡店,1
詩句,1
老婆,1
有照,1
顧到,1
排超,1
三角形,1
洪荒,1
之力,1
愛死,1
宜人,1
超棒超,1
登大販店,1
先先,1
TheLounge,1
必喝現,1
美蘭姨,1
已不多,1
TVBS,1
OnlyToastMENU,1
司南,1
氣韓式,1
最愛的芋,1
萬華人氣,1
及洋,1
蔥千島,1
醬超,1
丹麥,1
only,1
toast,1
這開始,1
丹麥千層,1
萬華文青,1
ONLYTOAST,1
true,1
sound,1
窄窄的,1
蕭閎仁,1
新館,1
選茗,1
雙喜,1
但覺,1
餐量,1
320,1
將加點,1
能加些,1
湯水,1
不願意,1
著加點,1
白乾,1
食加,1
同時間,1
夏目,1
帳劇場,1
緣結,1
空蟬,1
半月,1
貓掌,1
貓飯,1
綠蔭書,1
香及,1
間僅,1
感餐,1
僅有,1
老房,1
童年,1
區秘境,1
古腸,1
粉店,1
度裡,1
著滿,1
絲中,1
著烤,1
存在,1
厚馬鈴薯,1
可樂,1
白醬,1
點這款,1
色澤,1
醬還,1
最後不會,1
有過,1
味較,1
158,1
23686003,1
區師,1
137,1
23651231,1
中山南路,1
b1,1
美食街,1
33221552,1
背叛,1
有罪,1
惡感,1
婆好,1
輕好,1
夥伴,1
床邊,1
燕子,1
飛舞,1
菇菇,1
新出,1
老油條,1
普普烤,1
可點,1
加一,1
飽度,1
完口齒,1
重到,1
兩到,1
沒嘗試,1
剛喝還,1
料不多,1
點雞肉,1
太多雞,1
滿超,1
號熱壓,1
咖椰熱壓,1
氣照,1
燒嫩,1
逸品,1
度窩藏,1
潛力,1
寶慶路,1
巷仔內,1
年紀,1
擦拭,1
時本來,1
責備,1
電磁鍋,1
傲慢,1
不關心,1
雞夠,1
足以,1
美便當,1
最得,1
搭台,1
鐵高鐵,1
地人狂,1
得記,1
含鴨血,1
大辣,1
輕辣,1
額外,1
本來點,1
辣建議,1
先點,1
先嚐,1
會不會,1
一鍋給,1
開辣,1
波棒,1
不腥,1
點一鍋,1
額外點,1
2364,1
966,1
好愛他,1
清澈,1
嫩嫩,1
噴紹子,1
超多人,1
紹子,1
公仔,1
蒸飯,1
地絲襪,1
粥品,1
旋風來襲,1
DBBeerBarTaipei,1
店德意,1
點前,1
生啤買,1
Hour,1
品酒,1
DBBeerBar,1
賞常勝,1
奧會津,1
Ofukuro,1
尋訪,1
線會津,1
川口,1
溫暖美,1
單一,1
濃太,1
前陣子,1
蛋香,1
愛這個,1
市政府,1
秘傳味,1
外來,1
彈白飯,1
街餐,1
內豬,1
增里,1
附越,1
光米,1
漬物,1
豬肉味,1
獨特味,1
增醬,1
直飛,1
二十二年,1
服務待,1
半世,1
紀的,1
開店,1
幹部,1
醬汁部,1
有調,1
而豬,1
排比,1
了後面,1
潤濕,1
淋醬,1
香得,1
干貝大,1
Yabaton,1
美再,1
西門手,1
科聖,1
手加,1
豆棗,1
麻而,1
大增,1
時刻,1
台客,1
1.5,1
蔣公愛的,1
頭湯,1
加海帶,1
很勁,1
美銀手,1
光華銀手,1
蔣公銅,1
銀手桿,1
無酒單,1
通病,1
內超神,1
漫畫裡,1
包來,1
包味,1
蛋奶素,1
包菜,1
相似,1
包剛,1
條很有,1
重拾,1
卡通,1
當小點,1
心不錯,1
包隱,1
身巷,1
中巷,1
燒冰,1
冰相當,1
fancy,1
燒冰好,1
冰變,1
美到,1
心醉,1
然花瑰蜜,1
綠澐,1
區三訪,1
拍捷,1
一頁,1
快訪,1
抓不住,1
JINGIMOO,1
燒抹,1
冰金雞母,1
夏露,1
檸冰,1
街小,1
古台灣味,1
變涼,1
抑制,1
推夏露,1
檸冰微,1
蕭瑟感,1
應援,1
團介紹,1
平價春暖,1
大花,1
根本就是,1
冰界,1
作品,1
至極,1
粉紅攻,1
太陽鮮,1
畫般,1
蛋鮮,1
文青氛,1
心粉紅,1
兄妹,1
超神,1
隱美,1
作物,1
為材,1
發揚惜,1
顛覆人們,1
對蔬,1
刻板,1
蔬素,1
直達,1
土地,1
創意蔬,1
超厚肉,1
控聯名,1
蔗糖,1
美江,1
甘蔗汁,1
軟滑,1
輕盈古,1
訪終,1
凸顯,1
冰鎮,1
彈超夠,1
烏冬冷,1
但後來,1
李媽媽,1
美豬,1
冰滴,1
Zhanlu,1
優閒,1
午後就,1
一名,1
店進,1
首發,1
Nola,1
紐澳良燉,1
但敗,1
筆是,1
另點,1
當中,1
輕首選,1
楓糖,1
美戶,1
外沙,1
昏暗,1
風格善,1
象山,1
LocalNewOrleansFoodRestruant,1
NOLA,1
必吃楓,1
超愛煎,1
餃小攤,1
3.3,1
價小資,1
很悶,1
油煙味,1
雞大獅,1
只湯,1
溫醇,1
博愛店,1
博愛旗,1
軟糖,1
核桃糕,1
蕃薯藤,1
多種熱,1
生機,1
精力,1
戲台,1
國家戲,1
劇院,1
韓觀光,1
客首,1
選伴,1
東門伴,1
餃及,1
火鍋品,1
還有現,1
餃好療,1
附盧魚,1
買到,1
FireWood,1
Firewood,1
FirewoodCafe,1
FireWoodCafe,1
GX7,1
滇味,1
泰廚,1
ChiJiChickenCutlet,1
好繽紛,1
有色,1
連雞肉,1
每款,1
區午,1
川辣,1
一色,1
pick,1
色風味,1
內涵,1
紅橙黃,1
從川香,1
擁有繽紛,1
商業午,1
排六種,1
塔蘿雞排,1
爆雞,1
度百百,1
五顏六色,1
Chi,1
JiChickenCutlet,1
爆口,1
新奇,1
雞腿漢堡,1
桌位,1
厚嫩,1
五味,1
濃稠狀,1
加粉,1
Psalms,1
受寧靜,1
境外,1
適合舉,1
辦藝文,1
PsalmsCafe,1
一泊,1
空中,1
飽覽北車,1
夜景,1
盤紅,1
拉肚子,1
幾百萬愛理,1
不理,1
便飯,1
居多,1
簡直給,1
現台,1
遇以,1
鮮切,1
雞燉,1
現燙,1
好刻,1
簡易,1
格局,1
暖身,1
暖凱,1
撒大飯,1
變天,1
閃亮,1
Go,1
秋天,1
附設素,1
820,1
成瘋,1
全民,1
瘋奧運,1
風味美,1
可憐,1
638,1
創意入,1
eztable,1
百項,1
大吃戒,1
CaesarPark,1
不憂,1
Tiger,1
Dank,1
orz,1
值實,1
琳瑯,1
目的,1
特選牛,1
太多醬,1
場二樓,1
台灣道,1
鄭重,1
榮譽獎,1
TaiwanMama,1
早味裡,1
材及,1
Huashan,1
Creative,1
Park,1
狠台,1
餅很薄,1
嘴味,1
YU,1
YUPOKE,1
亭午,1
LIVE,1
展演,1
音樂迷,1
fun,1
ChantChantCaf,1
Live,1
演唱,1
真巧,1
85%,1
戚風裡,1
羊毛,1
之旅,1
超搭,1
完電影,1
喝點,1
JollyBrewery,1
釀酒,1
胃好,1
王餐,1
最愛小資,1
元銅盤,1
光華三創,1
光華豬,1
貴族,1
老氛,1
服務超,1
強推小芋圓,1
奶精,1
手搖杯,1
手搖茶,1
單電話,1
貼近,1
帶式,1
泰北,1
拋豬,1
非得,1
舟車,1
勞頓,1
人衝,1
喜極,1
立馬試,1
屬小酸,1
辣大眾,1
加辣粉,1
醃洋蔥,1
小三角,1
高麗菜片,1
但大心,1
實有,1
起先,1
小看,1
部是,1
炸金,1
泡到,1
人意,1
猶未,1
問券,1
原價,1
verythainoodles,1
2361,1
0989,1
微風重,1
甜辣,1
汤头,1
超级,1
VeryThaiNoodles,1
搭心,1
自饒河,1
發號,1
一超,1
顆療,1
流下,1
訂價,1
TOWNbyBryanNagao,1
悠遊,1
日法,1
混血,1
TownbyBryanNagaoTaipei,1
一場,1
草本,1
籍主,1
廚的,1
TOWN,1
Bryan,1
Nagao,1
韓館,1
豬骨,1
豬骨湯,1
韓味馬鈴薯,1
香麻夠,1
點麻,1
香麻,1
超正點,1
汪派,1
蘆洲,1
網美店,1
文青必,1
臉婆,1
氣飲品,1
新幕秀泰,1
影城,1
一場料,1
師大素,1
原始,1
不愛啦,1
ohchacha,1
FoodVegetable,1
客島,1
體驗文,1
新風味,1
裸來場,1
這更,1
Ooh,1
vegan,1
潮味決,1
雞風味,1
檸檬手,1
牽手,1
皮梅,1
愛情,1
仔大顆,1
又彈,1
蘊且,1
味濃,1
魚魚,1
號生,1
舊漫,1
近寶藏,1
Kokorolia,1
心物語,1
Maid,1
國慶,1
雕秀,1
四號,1
夏之絢采,1
978,1
戰斧豬,1
排厚,1
切口,1
感鮮嫩,1
耶誕,1
很時,1
Club,1
俱樂部,1
早味手,1
洗愛玉,1
透心,1
美愛玉,1
近來,1
茶來,1
超好韻,1
元豚,1
高吃超,1
食雞肉,1
定時,1
白飯付,1
麻婆豆腐,1
普建,1
定食點,1
先嘗試,1
神川,1
River13Ramen,1
腳處,1
咖珈,1
店誠品,1
M4,1
切功,1
刀法,1
火候,1
接運西門,1
敞高,1
履歷,1
鮮乳林鳳營,1
號餐,1
拿鐵超,1
林鳳營,1
鮮奶調,1
Melody,1
旋律,1
之心,1
帕菲杯,1
景美,1
甜點室,1
甜點杯,1
綿密千層,1
河神,1
一週僅,1
制甜點,1
若竹,1
沃野,1
杭館,1
獨特椒麻,1
餃還,1
許的,1
街洋樓,1
相視,1
走懷,1
舊風,1
輕表現,1
京町八號,1
檸檬餅,1
喝出,1
撫台,1
區近,1
振興,1
這邊度過,1
記裡,1
粉紅醬,1
已經紅,1
蘇控,1
可愛插,1
畫風格,1
LABUCAFE,1
網美果,1
enu,1
LaBu,1
題文青,1
人氣義,1
及義,1
餅狂,1
超悠閒,1
內美,1
隱身巷,1
拉布,1
Labux,1
巧虎拉花,1
猴腮雷,1
藝義,1
區輕,1
廳輕,1
有質,1
太陽早,1
鬥牛犬,1
超可愛店,1
Milky,1
超可愛法鬥,1
劇場景,1
HAAYA,1
哈亞,1
捷絲,1
旅西門,1
還有兒,1
童義,1
石尚,1
恐龍主題,1
恐龍,1
聯合店,1
伍玲,1
有料,1
清冰,1
連物,1
古超,1
燒燒,1
鴨飯,1
附樣,1
辣蘿,1
乾軟,1
玫瑰油,1
買水,1
餃順道,1
蠻不錯,1
蜜汁,1
當捷,1
JELLYJELLY,1
甜點店,1
轉實體,1
潔白,1
擄獲,1
一堆,1
慢活,1
終於展,1
全白,1
塔超,1
放慢,1
甲林,1
JEA,1
老萬華,1
阿樹,1
平價熱,1
炒川輝,1
搭龍口,1
這件,1
湯平價,1
湯送,1
府城,1
出頭,1
日向洋,1
hinata,1
一盤熱,1
不加飯,1
現炸豬,1
排普普,1
肉筋,1
還未,1
傳出,1
攪動,1
厭倦,1
超足,1
愛煎餅,1
咔滋飯,1
HungryPans,1
夯堡,1
混搭平價,1
嫩肉,1
質附,1
用豬,1
欣杭,1
MAP,1
高達,1
小碗,1
Ikari,1
新豬,1
OmniPork,1
忠杭店,1
超犯規,1
推烤,1
part0,1
MalaysiaKitcheninTaiwan,1
地馬來,1
刻大馬,1
位處,1
推木須,1
爆高美,1
元雞排,1
排越,1
一志雞排,1
神出,1
餃餐,1
車要,1
寧波館,1
鮮爽,1
響亮,1
祥園,1
媽媽古,1
青冷,1
炒泡,1
消費用,1
券還,1
風味館,1
連一顆,1
差什麼,1
沒付,1
放料,1
不手,1
不蓋,1
珍香鍋,1
UNI,1
sPoke,1
氣現,1
胖媽,1
Mexican,1
Food,1
帶為,1
美墨,1
偏較,1
sMexicanFood,1
Burrito,1
忘不了,1
小閣,1
圖騰,1
還有貓,1
玩貓,1
外露,1
GustoPizza,1
本場,1
石窯,1
勝過,1
片狀,1
沾粉,1
片片,1
彈療,1
價目表,1
濁水米,1
旁純,1
純素,1
修飾,1
彈好,1
影音,1
點蔥,1
價連鎖,1
新登場,1
種起司,1
定要,1
生雞蛋,1
生蛋,1
喜歡家,1
現在終,1
控愛好者,1
超愛三種,1
月份,1
狀況,1
回報,1
太多導致,1
飛到,1
屋其家,1
MRT,1
附台灣,1
比台灣,1
敵人,1
農遊券,1
還沒用,1
夾堡,1
起大早,1
樂寶堂,1
店狗,1
樂飽堂,1
燒加,1
尋覓材,1
創造,1
情境,1
燒外,1
質感系,1
sBon,1
店小南門,1
兒悠閒,1
子音,1
南門國,1
麻豆,1
林里,1
太感動,1
深根,1
台灣產地,1
生豆,1
出杯,1
第四,1
西城,1
古色,1
MENS,1
30S,1
推炸,1
牛肉丸,1
clairehsuan,1
216024929,1
選翠薪,1
西米露,1
推蘿,1
超可愛龜,1
兔賽,1
脆腸,1
虎掌,1
雞嫩口,1
包可愛,1
忘記,1
瘦肉粥,1
算不上,1
DimDimSum,1
氣王,1
波菜,1
客們,1
金流,1
蒸排,1
這家點,1
花菇,1
香炸春,1
可愛到,1
台灣來,1
氣會流,1
鼻水,1
有蘿,1
捕獲,1
棒棒,1
阿緯,1
DimdimsumTaiwan,1
美乃雞,1
somethingzoom,1
完變,1
水手,1
虹吸,1
氣濃郁,1
甜點位,1
播放,1
爵士,1
畫作,1
有情,1
微苦會,1
回甘曼,1
特寧,1
曼特寧,1
中滴,1
那麼濃,1
綿密餅,1
幽隱,1
燒市場,1
人合餐,1
七號,1
本色,1
梅老,1
秉持,1
嚐到,1
位處羅斯福路,1
canteenMBar,1
雞尾酒,1
世民,1
溫室,1
我應,1
端出,1
還帶,1
昏到,1
宴大,1
雅鴿,1
書苑,1
台壽司,1
堆積,1
穴子生,1
干貝握,1
平價握,1
台二週,1
滿大,1
種特選,1
必吃壽司,1
新幕壽司,1
郎公館,1
光華山店,1
清幽,1
光點電,1
影院,1
華山珈,1
看電影,1
前來份,1
悠閒輕,1
欣晴,1
美旅遊,1
Shabu,1
yo,1
寶慶遠,1
百百貨,1
新鮮種,1
類多,1
順興,1
冰果,1
冰多達,1
冰公館,1
CoffeeAlley,1
太甜會,1
硬是,1
實那,1
種熱,1
相思,1
Alley,1
入門款,1
京蔥,1
點略,1
條太軟,1
燒部,1
溫差,1
先泡,1
濃量,1
好險,1
全加,1
稀釋,1
過拉,1
可一,1
經典豚,1
多料,1
中份,1
屯京叉,1
加小魚,1
魚豚,1
骨京蔥,1
幾訪,1
池袋,1
地區票,1
美屯京,1
美網,1
評選亞洲,1
百家,1
年前,1
真有,1
乳白色,1
星獨特,1
宣傳,1
心機,1
門前,1
肋條,1
形式,1
美國評,1
選亞洲,1
湯與肉,1
條紅燒,1
耍嘴,1
師生們,1
劉家飯,1
愛馬仕,1
motionsDego,1
包坊,1
呼吸,1
包大師志,1
賀勝榮,1
機能性,1
胚芽,1
麩皮,1
燒鴨,1
燒臘類,1
翠庭壽宴,1
可歡,1
優惠中,1
燒鵝美節,1
翠庭,1
東京來,1
出國來,1
未來市,1
nanaya,1
壽壽園,1
逛華山文,1
創止,1
飢解,1
創未來,1
TheGalaAsia,1
東北斤餅,1
葉嘉美小館,1
趨緩,1
也終,1
西堤,1
實屬,1
胸皮,1
換成,1
方塊,1
常點,1
午後點,1
西提,1
衡陽,1
藍門,1
Bluedoorcaf,1
物不錯,1
消平價,1
農法,1
緬甸,1
莊園,1
種在,1
世界屋脊,1
結冰,1
山齊,1
東店,1
樂法,1
Le,1
Phare,1
正德,1
現磨,1
酪酪,1
Deli,1
好雞匯,1
賢海鮮,1
總統賴,1
清德大愛,1
無名意,1
連賴,1
清德,1
多坪,1
只三小時,1
立法,1
委員,1
冰續,1
阿嬤祖傳,1
同學永遠,1
給我,1
現熬,1
足矣,1
小松,1
週三買,1
百八漁場,1
百八魚場,1
十里,1
我買過,1
如鄰家,1
開發,1
美味可口,1
出經,1
營者,1
當界,1
極品吶,1
發文,1
團伙,1
耐斯,1
DearLeslieCaf,1
港風,1
紀念,1
麥香奶,1
排炭,1
及鮮,1
文山,1
波蘿,1
但點,1
懷念課,1
醬雞排,1
排夠,1
蛋嫩,1
泥沙,1
孝炭,1
比碳,1
匈牙利,1
實而,1
波羅堡,1
烤過,1
夾著,1
醃漬過,1
看薯,1
醃過,1
有生,1
味紅茶,1
場後方,1
氣早,1
菠羅堡,1
鮮乳鮮,1
奶紅茶,1
場後面,1
豐盛號,1
蛋僅,1
超隱藏,1
版古,1
詔安街,1
華山園,1
華山裡,1
茶奶,1
太棒了,1
尋找屬,1
廖大,1
玩轉,1
美小確,1
來華山文,1
太滿足,1
191,1
超牽絲辣,1
創小確,1
配烤,1
滿滿夠,1
幾米,1
團團轉,1
區華山文,1
創藝文,1
輕飲料,1
牽絲到,1
天邊,1
藝文時,1
光廊,1
微小,1
商午,1
華山義,1
不會來,1
異國風,1
AlCicchetto,1
富異國,1
閒逸,1
創區裡,1
al,1
cicchetto,1
PASTA,1
Al,1
Cicchetto,1
簡單樸實,1
心悅目,1
好客,1
阿輝現,1
萬里,1
泥包,1
金元,1
包滿,1
大蛋,1
顆蝦,1
點雙,1
附艾,1
然後內,1
偷工,1
減料,1
竟給,1
檔華山,1
勞動量,1
彈軟,1
Dose,1
Malt,1
一遊,1
學口,1
出發,1
雞肉鍋,1
隱藏巷,1
巨嬰,1
試著,1
內包,1
恰當,1
汽機車,1
灰塵,1
油煙,1
美趙菜,1
比水餃,1
湯餃,1
濃厚沙,1
土貓,1
抽水,1
班南陽,1
高崎,1
面首,1
炒出,1
滿快,1
口乾,1
當作,1
樂亭,1
寶比炸,1
雞餐,1
炸雞餐,1
成文,1
旅華山,1
町餐,1
來南,1
果菜,1
麻香,1
種辣度,1
超酸爽,1
吃宵夜,1
低卡,1
Truewin,1
蛋型,1
桃花,1
韻也別,1
具風味,1
美照,1
金蛋,1
招來,1
truewin,1
茶學生,1
課好,1
隱覓,1
我選,1
湯味,1
蠻多,1
過的親,1
剖面,1
濕濕,1
做到,1
022368,1
922,1
巷號,1
定居,1
木屋,1
沒蒜味,1
最愛平價,1
Just,1
Love,1
多功能,1
活動場,1
中狂,1
版面,1
氣爆漿,1
可愛店貓,1
區小糖,1
彈不甜膩,1
歐姆,1
SUGARbISTRO,1
糖類,1
獨特香氣,1
機且,1
絕對會,1
街小糖,1
街藝,1
雜貨小糖,1
老東西,1
Across,1
Ocean,1
181,1
有華麗,1
金瓜,1
墨魚,1
彈板,1
條好,1
魚肉質,1
共食,1
扣半顆,1
豬頸肉,1
小巷子,1
然後洋,1
炒到,1
金黃色,1
三小館,1
超有料,1
新餐,1
受怡客,1
一刻,1
全系列,1
初貝果,1
春雪,1
旅者,1
tisserie,1
貴婦級,1
789Caf,1
現作,1
法國主廚,1
clair,1
手指,1
路口,1
189Caf,1
帥哥,1
給你貴,1
婦般,1
自法國,1
閃到,1
法德,1
新天地,1
益壽,1
喉糖,1
Madeleine,1
優雅風格,1
金石,1
堂書店,1
莫非,1
曇花,1
一現,1
台梗九號,1
秘傳,1
種材任,1
完菜後到,1
上時,1
鍋是,1
到櫃,1
錢換,1
鍋結果,1
開時,1
溝通出,1
連個,1
補償,1
完東西,1
帶位,1
動線爛,1
一進,1
肉眼,1
連菜,1
邊邊爛,1
閃人,1
過後港,1
覺空虛,1
連走,1
樓梯,1
許多門,1
不開,1
最後由,1
旁櫃,1
知繞,1
大廳,1
水產位,1
夠大,1
圍著,1
拘束,1
吉水,1
水產現,1
收取,1
藍子,1
拿取,1
總價,1
五木拉,1
細條,1
紅綠茶,1
可樂均,1
可無限用,1
加送,1
抵用券,1
含鍋,1
剛開幕,1
勤快,1
這停車,1
機車,1
外建議,1
坐捷,1
平淡,1
企業,1
各個,1
服務始終,1
成員,1
海產龍,1
掃描,1
CODE,1
燒壽司,1
蟹膏,1
HiSushi,1
干貝醬燒,1
優質味,1
Hi,1
手路,1
湘蹄皮,1
蘊扎實,1
老菜,1
蕭家,1
二子,1
山鳥,1
鳳城,1
蕭家豬,1
Givemeahand,1
獨一無二,1
厭世中,1
找回,1
厭世氣息,1
店餐,1
入門前,1
厭世,1
飽後滿,1
喝一杯,1
揮灑負,1
三度,1
世情,1
留在,1
用美,1
很酷,1
2.9,1
現不錯,1
菜量,1
兩人花,1
不老實,1
同意,1
評論者,1
看法,1
可上,1
問說,1
摩摩,1
多算,1
說摩摩,1
口頭,1
不誠實,1
作生意,1
一查,1
要踏進,1
三思,1
雲泰,1
NiceThai,1
NiceThaiFood,1
失水,1
檸檬魚,1
例如,1
用碗,1
不肯,1
市場後門,1
皇膳,1
魚翅餐,1
魚翅當,1
二頭,1
台塑,1
官燕窩,1
堡壘,1
具備,1
色香,1
Platypus,1
巧妙,1
ThePlatypusCaf,1
廳免,1
偏平價,1
小細節,1
看得出,1
食既,1
適合個,1
能團,1
體食,1
chic,1
地泰正點,1
告訴,1
人泰菜,1
新泰,1
立川,1
金鍋,1
湯新鮮,1
妥當,1
酒種,1
類不多,1
非現,1
TheShrineBar,1
大紅燈,1
籠下,1
輕切,1
富田鐵板燒,1
HOYll,1
很蹋,1
松阪,1
三劍客,1
穴子,1
魚大,1
暗黑,1
正義聯盟,1
蝙蝠,1
神力,1
女超人,1
金嫩,1
豪氣漢堡,1
滿起,1
司燒,1
附一個,1
小碗給,1
包著肉,1
續加飯,1
太肥,1
不過夾,1
湯跟飯,1
能續點,1
桌距,1
太近,1
七日,1
安小,1
童言,1
童語,1
Hoyii,1
Ken,1
玩樂誌,1
超霸,1
氣巨無霸,1
野球,1
東家堂,1
原西門,1
佳典,1
氣魯肉,1
用銅板,1
滿足味,1
單外,1
手遊,1
輕小說,1
而繽紛,1
Aliceiscoming,1
風女,1
AliceinWaderland,1
為主題,1
白兔,1
潛入,1
愛麗絲,1
夢遊,1
coming,1
麗江,1
椰椰,1
太妃,1
大仁,1
nidBox,1
Isigny,1
布列塔尼,1
BarryorMichelCluizel,1
可可粉,1
狀態,1
雷都量,1
沙爹,1
及娘,1
598,1
不太新鮮,1
很普,1
takao1972,1
海鮮盤,1
TAKAO197,1
超甜,1
片蓋飯,1
壽喜鍋,1
營茶,1
昆明,1
takao197,1
錢櫃,1
飽肚,1
點心館,1
大包,1
愛熱,1
冰冷,1
現吃熱,1
鐘燒,1
桃子,1
顆顆,1
熟肉,1
先吃意,1
飛起,1
泗元,1
元選擇,1
每串,1
冰半糖,1
這才,1
屋幾乎,1
爭霸戰,1
特推薦,1
地細膩,1
醬屬,1
這天,1
經燉,1
偏多,1
微波,1
環保盒,1
屋煮,1
炸鮮,1
湯莓果,1
深深,1
連風格,1
文青感,1
地美,1
KeZuo,1
顛覆傳,1
統古,1
KEZOU,1
Connie,1
愛夢遊,1
綠竹筍,1
豬肋酪,1
牛佐,1
肝菌菇,1
廳捷,1
團饗,1
辦桌,1
湯和湯,1
厚重感,1
有肉絲,1
豬肝,1
半炸過,1
四片,1
偏軟,1
窄巷,1
kokoro,1
醉紅,1
不實,1
炒河粉,1
米線,1
配飯,1
抛三鮮,1
椰汁,1
mangotree,1
新裝潢,1
附新菜,1
客飯,1
平價泰國,1
SAMOVAR,1
慕瓦,1
典藏,1
榜上有名,1
體驗行,1
酥炸香,1
檸雞,1
柳條,1
肉條,1
大且,1
帕尼尼加,1
2019028,1
230,1
很新鮮,1
海鮮管,1
撒點,1
緩解,1
膩感,1
適量點,1
軟殼,1
看別,1
費城,1
奇奇,1
異果,1
青醬義,1
風格大,1
Susan,1
旅札,1
帕尼尼真材,1
CampusCaf,1
受大,1
美及,1
鍋有,1
熊出,1
浴鍋,1
稀奇,1
霸霸鍋,1
痛風,1
痛風海鮮,1
慶活,1
泡湯,1
吐沙,1
沙沙,1
小管,1
有的是,1
類價位,1
覺特別,1
慶功,1
大縮,1
身材,1
大走樣,1
概的,1
現撈,1
一拉,1
沒湯,1
加連,1
沒蔥花,1
講蔥,1
花加,1
沒能,1
硬要,1
錢包,1
離家,1
出走,1
盤大胃,1
王火,1
鍋控,1
終極,1
系美甜點,1
炸料,1
價炸,1
堂特級,1
怎麼行,1
響福,1
heibaiqie,1
福福菜,1
入魂,1
數十種,1
任選道,1
臨沂,1
金芒,1
搖滾,1
火紅塊,1
全程,1
水無,1
多餘糖,1
巧克麗麗,1
雖然裡,1
面有,1
較明顯,1
口直,1
直流,1
濃郁果,1
00%,1
smoothie,1
系飲品,1
黛綠點點,1
客氣店,1
小能,1
費升級,1
放假,1
把握,1
滴水,1
優格果,1
Smoothies,1
豆漿果,1
火龍果,1
竟是,1
元銅板,1
元料,1
家興板,1
國民美,1
富富,1
正傳統,1
區美東門,1
這味,1
老鍋,1
鍋鍋底,1
友直,1
雷人,1
品名,1
寫出,1
來別,1
厚達,1
公藥燉,1
大條,1
KingSize,1
三鮮水,1
名片,1
金大鍋,1
巨無霸鍋,1
價格論,1
我蠻,1
老師傅,1
錯誤,1
住家,1
非餐,1
新鮮度,1
錯且,1
高鐵站,1
蒜香,1
玉桃,1
干貝松阪,1
279,1
坦克,1
美麗藥,1
黑川醬,1
燒松阪,1
心蛋醬,1
鍋拌,1
249,1
脆薯,1
炸雞滿,1
老片,1
是夠,1
完後會,1
樣化,1
寒酸,1
小方,1
丁豆,1
5.6,1
塊加,1
根毛,1
端上,1
完店員,1
還忘記,1
去問,1
卡片,1
還插,1
機上,1
ShiShiBibimbap,1
出新,1
飲品現,1
亮眼,1
放進,1
沒雞湯,1
問了,1
加熱加,1
熱後還,1
過炸雞,1
超愛,1
用石,1
鍋承載,1
鮮美雞湯,1
干貝拌,1
加雞湯,1
元廣,1
超多海鮮,1
盤滑蛋,1
內大,1
原凱飯,1
原凱,1
茶鵝,1
單看,1
YaFungFishball,1
原義芳,1
三色,1
改裝後環境,1
魚皮湯,1
周刊,1
軟嫩塊,1
數實,1
1972,1
過當,1
現煎,1
韭黃鍋,1
干貝鮮肉,1
很鮮,1
餃匠,1
再現,1
更值,1
美平價,1
登上,1
情感,1
民主,1
愛台灣,1
阿凱,1
仔油,1
傑克威爾,1
Jackwell,1
飯卷,1
PelosoCoffeeRoasters,1
產地,1
法選擇,1
閒悠,1
下酒菜,1
區公館,1
佳興,1
攤不過,1
慎入,1
公車,1
Ubike,1
開車,1
OK,1
化有,1
優一鍋,1
開請,1
回加湯,1
外鍋具,1
Bannchan,1
幾好味,1
想入,1
食飯,1
冷冬配,1
暖鍋,1
ATT4fun,1
收起,1
平宜近,1
不傷,1
來鍋,1
鍋加,1
豪季,1
蝦仁水,1
文青紅,1
OP,1
選物店,1
最文青,1
紙本化,1
半糖,1
過澀,1
2D,1
兩側,1
選物,1
走向,1
想過,1
不可或缺,1
的紅,1
著頭緒,1
美公館,1
平面,1
那份,1
情意,1
號鮮奶,1
建弘雞,1
肉量,1
控看,1
人流,1
光緒,1
年間,1
贈禮,1
家堂,1
帕格尼尼,1
象迷朝,1
聖店,1
美家,1
附中,1
原素,1
蘭老師,1
條彈,1
牙夠,1
勁善導,1
買生,1
加料,1
良心,1
平價堂,1
仔肉湯,1
中高,1
麥可,1
現淋三,1
大匙,1
油肉,1
絲拉,1
正美,1
