address,distance,latitude_longitude
臺北市中正區泉州街35號,"正門:1805公尺,後門:1861公尺,側門:1908公尺","25.0293296,121.5143573"
臺北市中正區新生南路一段140巷5號,"正門:927公尺,後門:1073公尺,側門:958公尺","25.0361956,121.5322784"
臺北市中正區羅斯福路四段78巷1弄15號1樓,"正門:3194公尺,後門:3340公尺,側門:3270公尺","25.0142683,121.5340432"
臺北市中正區南昌路二段188號,"正門:1973公尺,後門:2096公尺,側門:2069公尺","25.0242787,121.5238731"
臺北市中正區中華路二段303巷1號,"正門:2515公尺,後門:2526公尺,側門:2608公尺","25.029361,121.5048981"
臺北市中正區寧波西街87之1號,"正門:1653公尺,後門:1716公尺,側門:1757公尺","25.0300076,121.5158442"
臺北市中正區羅斯福路四段50之1號1樓,"正門:3115公尺,後門:3261公尺,側門:3191公尺","25.0149029,121.53364"
臺北市中正區中華路二段307巷,"正門:2441公尺,後門:2457公尺,側門:2536公尺","25.0292114,121.5059019"
臺北市中正區中華路二段311巷21號前,"正門:2422公尺,後門:2441公尺,側門:2517公尺","25.0288868,121.5063997"
臺北市中正區杭州南路一段9號,"正門:210公尺,後門:206公尺,側門:107公尺","25.0434601,121.5268378"
臺北市中正區南陽街38巷2號,"正門:1022公尺,後門:921公尺,側門:1054公尺","25.0441217,121.5157802"
臺北市中正區中華路二段307巷2號騎樓,"正門:2512公尺,後門:2528公尺,側門:2607公尺","25.0287037,121.5054415"
臺北市中正區重慶南路一段58號3樓,"正門:1286公尺,後門:1192公尺,側門:1324公尺","25.0439217,121.5130574"
臺北市中正區北平西路3號,"正門:1137公尺,後門:1004公尺,側門:1136公尺","25.0473199,121.5160463"
臺北市中正區濟南路二段69號,"正門:699公尺,後門:813公尺,側門:679公尺","25.0404194,121.5323444"
臺北市中正區羅斯福路四段92號,"正門:3300公尺,後門:3447公尺,側門:3374公尺","25.0135188,121.534971"
臺北市中正區重慶南路一段48號,"正門:1293公尺,後門:1193公尺,側門:1326公尺","25.044468,121.513113"
臺北市中正區北平西路3號微風臺北車站2樓西側2樓,"正門:1074公尺,後門:939公尺,側門:1070公尺","25.0473799,121.5168273"
臺北市中正區忠孝西路一段,"正門:1138公尺,後門:1011公尺,側門:1144公尺","25.0467151,121.5156511"
臺北市中正區忠孝東路一段12號,"正門:436公尺,後門:293公尺,側門:423公尺","25.0445802,121.5224401"
臺北市中正區汀州路一段159號,"正門:2225公尺,後門:2270公尺,側門:2326公尺","25.0274114,121.510456"
臺北市中正區羅斯福路四段92號水源市場1樓26號,"正門:3280公尺,後門:3427公尺,側門:3354公尺","25.01371,121.534983"
臺北市中正區中華路二段307巷,"正門:2441公尺,後門:2457公尺,側門:2536公尺","25.0292114,121.5059019"
臺北市中正區羅斯福路四段92號,"正門:3300公尺,後門:3447公尺,側門:3374公尺","25.0135188,121.534971"
臺北市中正區泉州街32之3號,"正門:2153公尺,後門:2219公尺,側門:2256公尺","25.0259953,121.5135301"
臺北市中正區中華路二段307巷8號,"正門:2493公尺,後門:2509公尺,側門:2587公尺","25.0288151,121.5055885"
臺北市中正區和平西路二段85之1號,"正門:2158公尺,後門:2162公尺,側門:2249公尺","25.0320454,121.5072088"
臺北市中正區汀州路三段75號,"正門:2700公尺,後門:2838公尺,側門:2786公尺","25.0178194,121.5285563"
臺北市中正區汀州路三段166號,"正門:3309公尺,後門:3455公尺,側門:3384公尺","25.0133273,121.5345372"
臺北市中正區羅斯福路二段44號,"正門:1608公尺,後門:1715公尺,側門:1709公尺","25.0279866,121.5214669"
臺北市中正區延平南路163巷2號,"正門:1958公尺,後門:1942公尺,側門:2041公尺","25.0350605,121.5077466"
臺北市中正區羅斯福路一段10號,"正門:1334公尺,後門:1405公尺,側門:1438公尺","25.0319266,121.5183382"
臺北市中正區中華路二段313巷20號,"正門:2447公尺,後門:2469公尺,側門:2543公尺","25.0283676,121.506533"
臺北市中正區南昌路一段74巷9號1樓,"正門:1510公尺,後門:1574公尺,側門:1613公尺","25.030942,121.5168466"
臺北市中正區汀州路三段160巷4之1號,"正門:3282公尺,後門:3427公尺,側門:3357公尺","25.0134916,121.5341902"
台北市中正區忠孝西路一段66號號B1,"正門:1156公尺,後門:1033公尺,側門:1167公尺","25.0463554,121.515253"
臺北市中正區杭州南路一段139之3號,"正門:641公尺,後門:765公尺,側門:739公尺","25.036221,121.5247783"
臺北市中正區延平南路164號,"正門:1838公尺,後門:1803公尺,側門:1913公尺","25.0374627,121.5080756"
臺北市中正區信義路二段87之4號,"正門:839公尺,後門:980公尺,側門:924公尺","25.0344712,121.5268393"
臺北市中正區寧波西街233號,"正門:2429公尺,後門:2481公尺,側門:2531公尺","25.0251988,121.510168"
臺北市中正區臨沂街27巷9之4號,"正門:589公尺,後門:693公尺,側門:558公尺","25.041292,121.531416"
臺北市中正區公園路22之3號,"正門:935公尺,後門:818公尺,側門:953公尺","25.0451081,121.51704"
台北市中正區寧波東街3-3號,"正門:1236公尺,後門:1318公尺,側門:1340公尺","25.0322032,121.5197114"
臺北市中正區臨沂街56之1號,"正門:777公尺,後門:925公尺,側門:853公尺","25.0352625,121.5279125"
臺北市中正區臨沂街56號,"正門:777公尺,後門:925公尺,側門:853公尺","25.0352625,121.5279125"
臺北市中正區濟南路二段6號,"正門:102公尺,後門:239公尺,側門:134公尺","25.0416133,121.5265663"
臺北市中正區汀州路三段96號,"正門:3138公尺,後門:3282公尺,側門:3216公尺","25.0145154,121.532854"
台北市中正區羅斯福路二段20號,"正門:1557公尺,後門:1661公尺,側門:1659公尺","25.0285738,121.5210413"
臺北市中正區寧波西街221號一樓,"正門:2376公尺,後門:2428公尺,側門:2479公尺","25.0256669,121.510357"
臺北市中正區齊東街68號,"正門:233公尺,後門:340公尺,側門:208公尺","25.0418525,121.5279243"
臺北市中正區杭州南路一段3號,"正門:229公尺,後門:222公尺,側門:126公尺","25.0435754,121.5269794"
臺北市中正區新生南路一段6號1樓,"正門:753公尺,後門:801公尺,側門:680公尺","25.0440359,121.5327103"
臺北市中正區公園路13號3樓,"正門:918公尺,後門:795公尺,側門:930公尺","25.0454867,121.5174126"
台北市重慶南路二段51號,"正門:1609公尺,後門:1659公尺,側門:1711公尺","25.0311865,121.5149412"
臺北市中正區林森南路。徐州路18巷口,"正門:428公尺,後門:451公尺,側門:520公尺","25.0399972,121.5219517"
臺北市中正區杭州南路一段131巷35之1號1樓,"正門:670公尺,後門:816公尺,側門:749公尺","25.0361045,121.5273059"
臺北市中正區羅斯福路三段316巷16號2樓,"正門:3025公尺,後門:3169公尺,側門:3103公尺","25.0154544,121.5323621"
臺北市中正區羅斯福路三段316巷8弄3號,"正門:3011公尺,後門:3155公尺,側門:3089公尺","25.0156409,121.5326387"
臺北市中正區中華路二段401號,"正門:2491公尺,後門:2531公尺,側門:2591公尺","25.0260924,121.5081755"
臺北市中正區汀州路一段105號,"正門:2237公尺,後門:2269公尺,側門:2336公尺","25.0286286,121.5089887"
臺北市中正區羅斯福路三段286巷18號,"正門:2981公尺,後門:3125公尺,側門:3059公尺","25.015861,121.53236"
臺北市中正區永綏街7號,"正門:1491公尺,後門:1405公尺,側門:1535公尺","25.0431918,121.5109063"
臺北市中正區濟南路二段37號,"正門:432公尺,後門:553公尺,側門:421公尺","25.0408708,121.5297456"
臺北市中正區新生南路一段12巷9弄5號,"正門:694公尺,後門:743公尺,側門:622公尺","25.0438622,121.5321622"
臺北市中正區同安街38號,"正門:2011公尺,後門:2125公尺,側門:2111公尺","25.0242186,121.5216827"
臺北市中正區汀州路三段239號,"正門:3233公尺,後門:3379公尺,側門:3309公尺","25.01392,121.534102"
台北市南陽街20號,"正門:1021公尺,後門:911公尺,側門:1046公尺","25.0448126,121.5160065"
臺北市中正區新生南路一段160巷22之1號1樓,"正門:958公尺,後門:1109公尺,側門:1015公尺","25.0345218,121.5304564"
台北市汀州路3段169號,"正門:3050公尺,後門:3194公尺,側門:3129公尺","25.0152052,121.532296"
臺北市中正區青島東路6之1號青島會館二館,"正門:411公尺,後門:292公尺,側門:427公尺","25.0436355,121.5220039"
臺北市中正區羅斯福路三段284巷8號1樓,"正門:2955公尺,後門:3098公尺,側門:3034公尺","25.0159869,121.5318321"
臺北市中正區汀州路三段153號,"正門:2960公尺,後門:3102公尺,側門:3040公尺","25.0158698,121.5314269"
臺北市中正區濟南路一段7號1樓,"正門:384公尺,後門:298公尺,側門:424公尺","25.0427329,121.5219127"
臺北市中正區新生南路一段56巷6號,"正門:673公尺,後門:778公尺,側門:643公尺","25.0410713,121.532221"
臺北市中正區忠孝西路一段36號1樓,"正門:977公尺,後門:851公尺,側門:984公尺","25.0459993,121.5170414"
臺北市中正區忠孝西路一段38號B1,"正門:1045公尺,後門:919公尺,側門:1053公尺","25.0462341,121.5164145"
臺北市中正區汀州路三段124號1樓,"正門:3214公尺,後門:3359公尺,側門:3290公尺","25.0139872,121.5336346"
臺北市中正區北平西路3號2樓,"正門:1084公尺,後門:946公尺,側門:1075公尺","25.0477467,121.5169983"
臺北市中正區重慶南路三段5號,"正門:1731公尺,後門:1796公尺,側門:1835公尺","25.029288,121.515624"
臺北市中正區桃源街15號,"正門:1519公尺,後門:1449公尺,側門:1574公尺","25.0416805,121.510559"
臺北市中正區中華路一段91巷15號,"正門:1830公尺,後門:1791公尺,側門:1903公尺","25.0378876,121.508031"
臺北市中正區師大路177號,"正門:2369公尺,後門:2503公尺,側門:2459公尺","25.02067,121.526735"
臺北市中正區羅斯福路四段80號,"正門:3224公尺,後門:3370公尺,側門:3298公尺","25.0141602,121.5346822"
臺北市中正區忠孝東路一段108號2樓,"正門:234公尺,後門:90公尺,側門:183公尺","25.043898,121.524815"
臺北市中正區金華街30巷1號,"正門:1274公尺,後門:1369公尺,側門:1377公尺","25.0313307,121.5208675"
臺北市中正區思源街1號『公館水岸廣場』,"正門:3427公尺,後門:3562公尺,側門:3514公尺","25.0112512,121.5284012"
臺北市中正區同安街16號,"正門:1879公尺,後門:1995公尺,側門:1978公尺","25.025303,121.5223845"
臺北市中正區汀州路一段90號,"正門:2246公尺,後門:2262公尺,側門:2341公尺","25.0302335,121.5074704"
台北市中正區羅斯福路四段108巷2號,"正門:3335公尺,後門:3482公尺,側門:3408公尺","25.0132934,121.5353407"
臺北市中正區衡陽路84巷5號,"正門:1484公尺,後門:1410公尺,側門:1536公尺","25.0420479,121.5109083"
臺北市中正區北平西路3號2樓,"正門:1084公尺,後門:946公尺,側門:1075公尺","25.0477467,121.5169983"
臺北市中正區忠孝西路一段36號和億北車站B1F,"正門:986公尺,後門:860公尺,側門:994公尺","25.0460066,121.5169442"
臺北市中正區忠孝東路二段27號,"正門:312公尺,後門:313公尺,側門:214公尺","25.043916,121.527809"
臺北市中正區萬大路86號,"正門:2847公尺,後門:2839公尺,側門:2934公尺","25.030482,121.5003764"
台北市中正區金門街2-2號,"正門:2094公尺,後門:2222公尺,側門:2188公尺","25.0231297,121.5248452"
臺北市中正區青島東路6之2號,"正門:412公尺,後門:291公尺,側門:425公尺","25.0437017,121.5220376"
臺北市中正區仁愛路一段17號,"正門:462公尺,後門:512公尺,側門:561公尺","25.0391392,121.5222359"
臺北市中正區廈門街94號,"正門:2146公尺,後門:2238公尺,側門:2250公尺","25.0241662,121.51736"
臺北市中正區青島東路3之2號,"正門:375公尺,後門:246公尺,側門:381公尺","25.0438201,121.5225368"
臺北市中正區齊東街76號,"正門:203公尺,後門:319公尺,側門:189公尺","25.0417384,121.5276255"
臺北市中正區羅斯福路四段136巷10號,"正門:3413公尺,後門:3559公尺,側門:3486公尺","25.0125938,121.5354431"
臺北市中正區八德路一段82巷9弄22號,"正門:616公尺,後門:672公尺,側門:547公尺","25.0434556,121.5314877"
臺北市中正區濟南路二段3號之八,"正門:102公尺,後門:241公尺,側門:137公尺","25.0415863,121.52656"
臺北市中正區中華路二段313巷6號,"正門:2494公尺,後門:2516公尺,側門:2590公尺","25.0281299,121.5061454"
臺北市中正區羅斯福路四段24巷5號,"正門:3050公尺,後門:3194公尺,側門:3127公尺","25.0153269,121.5328445"
臺北市中正區泉州街32之2號,"正門:2153公尺,後門:2219公尺,側門:2256公尺","25.0259953,121.5135301"
臺北市中正區青島東路3號之3,"正門:470公尺,後門:344公尺,側門:479公尺","25.0440657,121.5216022"
臺北市中正區忠孝西路一段38號B1樓,"正門:1045公尺,後門:919公尺,側門:1053公尺","25.0462341,121.5164145"
臺北市中正區中華路二段313巷10號,"正門:2481公尺,後門:2503公尺,側門:2577公尺","25.0282027,121.5062395"
台北市八德路一段1號,"正門:400公尺,後門:450公尺,側門:326公尺","25.0432788,121.5293005"
臺北市中正區中華路二段311巷4號,"正門:2502公尺,後門:2522公尺,側門:2598公尺","25.0283108,121.5058832"
臺北市中正區南昌路一段64號,"正門:1468公尺,後門:1533公尺,側門:1572公尺","25.0312586,121.5170622"
臺北市中正區忠孝西路一段38號,"正門:1052公尺,後門:928公尺,側門:1062公尺","25.0460991,121.5162582"
台北市中正區忠孝東路二段104號2樓,"正門:523公尺,後門:597公尺,側門:466公尺","25.0426694,121.5307428"
臺北市中正區市民大道一段100號臺北地下街Y22入口處,"正門:1473公尺,後門:1336公尺,側門:1466公尺","25.0495017,121.5136386"
臺北市中正區思源街16號,"正門:3154公尺,後門:3290公尺,側門:3241公尺","25.0137039,121.5283471"
臺北市中正區汀州路三段239號,"正門:3233公尺,後門:3379公尺,側門:3309公尺","25.01392,121.534102"
臺北市中正區青島東路25之2號,"正門:191公尺,後門:42公尺,側門:173公尺","25.043342,121.5245359"
臺北市中正區羅斯福路三段284巷11號一樓,"正門:2939公尺,後門:3082公尺,側門:3018公尺","25.0161115,121.5317046"
臺北市中正區汀州路三段104巷9號,"正門:3219公尺,後門:3364公尺,側門:3296公尺","25.0138878,121.5334094"
臺北市中正區忠孝東路一段12號,"正門:436公尺,後門:293公尺,側門:423公尺","25.0445802,121.5224401"
臺北市中正區羅斯福路一段24號,"正門:1338公尺,後門:1416公尺,側門:1442公尺","25.0315867,121.5188579"
臺北市中正區濟南路二段58之3號,"正門:653公尺,後門:774公尺,側門:641公尺","25.0401596,121.5317959"
臺北市中正區金門街2之3號,"正門:2267公尺,後門:2389公尺,側門:2364公尺","25.0216899,121.523113"
臺北市中正區忠孝西路一段38號,"正門:1052公尺,後門:928公尺,側門:1062公尺","25.0460991,121.5162582"
臺北市中正區北平西路3號,"正門:1137公尺,後門:1004公尺,側門:1136公尺","25.0473199,121.5160463"
臺北市中正區忠孝東路二段40號,"正門:294公尺,後門:325公尺,側門:207公尺","25.0433978,121.5280424"
臺北市中正區羅斯福路三段316巷8弄3之1號,"正門:3014公尺,後門:3158公尺,側門:3092公尺","25.0156061,121.5326131"
臺北市中正區濟南路二段62巷3號,"正門:694公尺,後門:817公尺,側門:685公尺","25.03982,121.5320925"
臺北市中正區北平西路3號微風臺北車站店2樓,"正門:1083公尺,後門:947公尺,側門:1078公尺","25.0473866,121.5167338"
臺北市中正區忠孝東路一段108號1樓,"正門:235公尺,後門:94公尺,側門:181公尺","25.0439297,121.52488"
臺北市中正區信陽街30號,"正門:1075公尺,後門:971公尺,側門:1104公尺","25.0445044,121.5153424"
臺北市中正區晉江街1號,"正門:1786公尺,後門:1894公尺,側門:1887公尺","25.0264156,121.5211193"
臺北市中正區羅斯福路四段52巷1之1號,"正門:3127公尺,後門:3272公尺,側門:3203公尺","25.0147431,121.5334062"
臺北市中正區羅斯福路三段244巷10弄14號,"正門:2945公尺,後門:3087公尺,側門:3025公尺","25.0159906,121.5313533"
臺北市中正區杭州南路一段143巷12之1號,"正門:667公尺,後門:798公尺,側門:761公尺","25.0359438,121.5254682"
臺北市中正區杭州南路二段88號,"正門:1445公尺,後門:1553公尺,側門:1547公尺","25.0294057,121.5218533"
臺北市中正區重慶南路一段46巷7號,"正門:1343公尺,後門:1243公尺,側門:1376公尺","25.044524,121.5126185"
臺北市中正區武昌街一段5號2樓,"正門:1319公尺,後門:1222公尺,側門:1355公尺","25.044216,121.512783"
臺北市中正區汀州路三段221號,"正門:3207公尺,後門:3353公尺,側門:3283公尺","25.014104,121.533866"
臺北市中正區羅斯福路三段316巷9弄1號,"正門:3002公尺,後門:3145公尺,側門:3081公尺","25.0155646,121.5318506"
臺北市中正區開封街一段90號,"正門:1598公尺,後門:1490公尺,側門:1625公尺","25.0459023,121.5103926"
臺北市中正區羅斯福路四段108巷8之1號,"正門:3343公尺,後門:3489公尺,側門:3417公尺","25.0131352,121.5350312"
臺北市中正區羅斯福路二段66巷16號,"正門:1671公尺,後門:1777公尺,側門:1773公尺","25.0274835,121.5211246"
臺北市中正區信陽街26之1號,"正門:1061公尺,後門:957公尺,側門:1090公尺","25.0444759,121.5154778"
臺北市中正區忠孝東路一段148號,"正門:233公尺,後門:134公尺,側門:148公尺","25.0440206,121.5256897"
臺北市中正區中華路二段313巷35號,"正門:2395公尺,後門:2416公尺,側門:2491公尺","25.0288315,121.5067818"
臺北市中正區金山南路一段35號,"正門:424公尺,後門:563公尺,側門:442公尺","25.03989,121.5291646"
台北市中正區汀州路三段168號,"正門:3315公尺,後門:3461公尺,側門:3390公尺","25.0132791,121.5345966"
臺北市中正區羅斯福路三段244巷13號,"正門:2847公尺,後門:2988公尺,側門:2928公尺","25.0167608,121.5306069"
臺北市中正區青島東路23號,"正門:213公尺,後門:66公尺,側門:199公尺","25.0434214,121.5242942"
臺北市中正區金門街1之6號,"正門:2319公尺,後門:2440公尺,側門:2415公尺","25.0212346,121.5230208"
臺北市大安區樂利路33號,"正門:3087公尺,後門:3223公尺,側門:3094公尺","25.0272534,121.5515855"
台北市中正區忠孝西路一段49號B1,"正門:1047公尺,後門:907公尺,側門:1035公尺","25.0477952,121.5175009"
臺北市中正區忠孝東路二段102號,"正門:511公尺,後門:582公尺,側門:452公尺","25.0427722,121.5305971"
臺北市中正區中華路二段427號,"正門:2494公尺,後門:2541公尺,側門:2596公尺","25.0253749,121.5089564"
中山北路一段121巷13-2號,"正門:1049公尺,後門:909公尺,側門:971公尺","25.0511966,121.5237236"
臺北市中正區中華路二段307巷15號,"正門:2466公尺,後門:2481公尺,側門:2560公尺","25.029153,121.5056461"
臺北市中正區重慶南路一段100號,"正門:1268公尺,後門:1188公尺,側門:1316公尺","25.042622,121.513072"
臺北市中正區羅斯福路四段24巷12弄4號,"正門:3088公尺,後門:3232公尺,側門:3165公尺","25.0149813,121.5328707"
臺北市中正區中華路二段1號1樓,"正門:1991公尺,後門:1963公尺,側門:2069公尺","25.0362632,121.5068994"
臺北市中正區汀州路二段323號,"正門:2272公尺,後門:2400公尺,側門:2365公尺","25.0215302,121.5249982"
臺北市中正區汀州路二段82號,"正門:2004公尺,後門:2102公尺,側門:2107公尺","25.0250058,121.5188577"
臺北市中正區羅斯福路四段52巷16弄4號,"正門:3167公尺,後門:3312公尺,側門:3243公尺","25.0144253,121.5336442"
臺北市中正區館前路12號6樓,"正門:1174公尺,後門:1059公尺,側門:1194公尺","25.0456618,121.5147282"
臺北市中正區青島東路21之4號善導寺捷運站,"正門:225公尺,後門:81公尺,側門:214公尺","25.04344,121.5241354"
臺北市中正區延平南路61號2樓,"正門:1562公尺,後門:1464公尺,側門:1597公尺","25.0446526,121.5104239"
臺北市中正區羅斯福路三段286巷12號,"正門:2965公尺,後門:3109公尺,側門:3044公尺","25.0159912,121.5323101"
臺北市中正區愛國西路50之4號一樓,"正門:1924公尺,後門:1894公尺,側門:2001公尺","25.0367215,121.5074307"
臺北市中正區中華路二段307巷20之3號,"正門:2454公尺,後門:2470公尺,側門:2548公尺","25.0290439,121.5058841"
臺北市中正區汀州路三段92號,"正門:3132公尺,後門:3276公尺,側門:3210公尺","25.0145493,121.5327671"
台北市中正區汀洲路三段210號,"正門:3473公尺,後門:3620公尺,側門:3547公尺","25.0120475,121.5355231"
臺北市中正區仁愛路二段94號,"正門:734公尺,後門:877公尺,側門:757公尺","25.0379156,121.531396"
臺北市中正區羅斯福路三段284巷10號,"正門:2957公尺,後門:3100公尺,側門:3036公尺","25.015967,121.531804"
臺北市中正區汀州路三段81號,"正門:2717公尺,後門:2855公尺,側門:2802公尺","25.0176908,121.5287425"
臺北市中正區濟南路二段18之3號,"正門:132公尺,後門:282公尺,側門:190公尺","25.0410911,121.5265497"
臺北市中正區北平西路3號,"正門:1137公尺,後門:1004公尺,側門:1136公尺","25.0473199,121.5160463"
臺北市中正區衡陽路46號,"正門:1345公尺,後門:1272公尺,側門:1397公尺","25.0420174,121.5122878"
臺北市中正區延平南路101巷5號,"正門:1474公尺,後門:1394公尺,側門:1522公尺","25.04268,121.511029"
臺北市中正區仁愛路二段7號,"正門:382公尺,後門:520公尺,側門:474公尺","25.0385041,121.5258217"
臺北市中正區羅斯福路四段24巷14號,"正門:3091公尺,後門:3236公尺,側門:3169公尺","25.0149221,121.5327484"
臺北市中正區中華路二段309巷44號,"正門:2385公尺,後門:2403公尺,側門:2480公尺","25.0292036,121.5065997"
臺北市中正區南海路28號,"正門:1443公尺,後門:1494公尺,側門:1545公尺","25.032234,121.516129"
臺北市中正區忠孝西路一段126號,"正門:1607公尺,後門:1488公尺,側門:1622公尺","25.0474238,121.5108841"
臺北市中正區秀山街4號,"正門:1634公尺,後門:1555公尺,側門:1683公尺","25.0425228,121.5094326"
臺北市中正區青島西路13號,"正門:878公尺,後門:759公尺,側門:894公尺","25.0450638,121.5176335"
臺北市中正區北平西路三號一樓,"正門:1149公尺,後門:1016公尺,側門:1148公尺","25.0473892,121.5159555"
臺北市中正區忠孝東路二段33號,"正門:312公尺,後門:312公尺,側門:213公尺","25.0439111,121.5278014"
臺北市中正區汀州路三段283號,"正門:3452公尺,後門:3599公尺,側門:3526公尺","25.0122685,121.5356061"
臺北市中正區泉州街11號,"正門:1703公尺,後門:1742公尺,側門:1803公尺","25.031331,121.513444"
臺北市中正區南海路17號,"正門:1548公尺,後門:1590公尺,側門:1648公尺","25.0321619,121.5146947"
臺北市中正區桃源街19號,"正門:1518公尺,後門:1449公尺,側門:1574公尺","25.0415572,121.5105702"
臺北市中正區市民大道100號,"正門:1375公尺,後門:1240公尺,側門:1371公尺","25.0487071,121.5142185"
臺北市中正區忠孝西路一段70號1樓,"正門:1241公尺,後門:1118公尺,側門:1252公尺","25.0466999,121.514495"
臺北市中正區忠孝東路一段12號2樓,"正門:436公尺,後門:293公尺,側門:423公尺","25.0445802,121.5224401"
臺北市中正區北平西路3號2樓,"正門:1084公尺,後門:946公尺,側門:1075公尺","25.0477467,121.5169983"
臺北市中正區牯嶺街95巷51號,"正門:1873公尺,後門:1978公尺,側門:1975公尺","25.0257857,121.5203749"
臺北市中正區羅斯福路三段286巷4弄1號,"正門:2967公尺,後門:3110公尺,側門:3046公尺","25.0159256,121.532056"
臺北市中正區忠孝東路一段12號17樓,"正門:436公尺,後門:293公尺,側門:423公尺","25.0445802,121.5224401"
臺北市中正區羅斯福路二段30巷9號,"正門:1609公尺,後門:1712公尺,側門:1711公尺","25.0281384,121.5208586"
臺北市中正區青島東路5號,"正門:431公尺,後門:301公尺,側門:436公尺","25.044071,121.5220537"
臺北市中正區汀州路三段127號,"正門:2888公尺,後門:3029公尺,側門:2969公尺","25.0163858,121.530596"
臺北市中正區中華路二段313巷5弄20之1號,"正門:2486公尺,後門:2507公尺,側門:2582公尺","25.0282771,121.5061166"
臺北市中正區忠孝東路一段12號,"正門:436公尺,後門:293公尺,側門:423公尺","25.0445802,121.5224401"
臺北市中正區牯嶺街61之5號,"正門:1653公尺,後門:1728公尺,側門:1757公尺","25.0292041,121.5171752"
臺北市中正區仁愛路二段108號,"正門:817公尺,後門:955公尺,側門:831公尺","25.0379274,121.5324046"
臺北市中正區忠孝西路一段36號B1,"正門:986公尺,後門:860公尺,側門:994公尺","25.0460142,121.516942"
臺北市中正區濟南路一段2之1號,"正門:597公尺,後門:508公尺,側門:637公尺","25.0429232,121.5198047"
臺北市中正區汀州路二段238號,"正門:2247公尺,後門:2373公尺,側門:2342公尺","25.0217729,121.5244071"
中正區南陽街13-2號,"正門:1012公尺,後門:899公尺,側門:1034公尺","25.045004,121.5161754"
臺北市中正區林森南路59之2號,"正門:410公尺,後門:441公尺,側門:504公尺","25.0399269,121.5222094"
臺北市中正區忠孝西路一段47號B1樓,"正門:970公尺,後門:838公尺,側門:971公尺","25.0465183,121.5174415"
臺北市中正區汀州路三段127號1樓,"正門:2888公尺,後門:3029公尺,側門:2969公尺","25.0163858,121.530596"
臺北市中正區忠孝東路一段12號B1,"正門:479公尺,後門:339公尺,側門:470公尺","25.0447021,121.5219894"
臺北市中正區杭州南路一段27號,"正門:79公尺,後門:199公尺,側門:88公尺","25.0420021,121.5264035"
臺北市中正區中華路二段309巷15號,"正門:2467公尺,後門:2483公尺,側門:2562公尺","25.0289474,121.5057989"
臺北市中正區南昌路二段7之2號,"正門:1626公尺,後門:1720公尺,側門:1730公尺","25.028439,121.519429"
臺北市中正區許昌街26之3號,"正門:1009公尺,後門:891公尺,側門:1025公尺","25.0454432,121.5163986"
臺北市中正區延平南路22號,"正門:1588公尺,後門:1473公尺,側門:1607公尺","25.0468864,121.5108506"
臺北市中正區三元街38號,"正門:2202公尺,後門:2223公尺,側門:2298公尺","25.0299194,121.5082761"
臺北市中正區羅斯福路3段286巷4弄14號,"正門:2976公尺,後門:3119公尺,側門:3055公尺","25.0157941,121.5318107"
臺北市中正區中華路二段309巷35號南機場夜市,"正門:2444公尺,後門:2459公尺,側門:2538公尺","25.0291603,121.5059145"
臺北市中正區汀州路三段167號,"正門:3045公尺,後門:3188公尺,側門:3123公尺","25.0152642,121.5323292"
臺北市中正區汀州路三段135號,"正門:2921公尺,後門:3063公尺,側門:3002公尺","25.0161423,121.5309657"
臺北市中正區羅斯福路四段92號79攤,"正門:3300公尺,後門:3447公尺,側門:3374公尺","25.0135188,121.534971"
臺北市中正區中華路二段327號一樓,"正門:2500公尺,後門:2526公尺,側門:2598公尺","25.027681,121.5064552"
臺北市中正區羅斯福路四段92號水源市場一樓100號,"正門:3280公尺,後門:3427公尺,側門:3354公尺","25.01371,121.534983"
臺北市中正區同安街63之2號,"正門:2037公尺,後門:2151公尺,側門:2137公尺","25.0239797,121.5216868"
臺北市中正區羅斯福路二段14號,"正門:1552公尺,後門:1655公尺,側門:1655公尺","25.0286513,121.52092"
臺北市中正區汀州路二段96號1樓,"正門:1998公尺,後門:2099公尺,側門:2101公尺","25.0248971,121.5193665"
臺北市中正區中華路二段315巷4弄南機場夜市,"正門:2444公尺,後門:2459公尺,側門:2538公尺","25.0291603,121.5059145"
臺北市中正區汀州路二段81號1F,"正門:2007公尺,後門:2095公尺,側門:2111公尺","25.0255769,121.517245"
臺北市中正區臨沂街27巷9號1樓,"正門:579公尺,後門:689公尺,側門:555公尺","25.0409661,121.5312619"
臺北市中正區羅斯福路二段66巷8號1樓,"正門:1671公尺,後門:1779公尺,側門:1773公尺","25.0274397,121.5212824"
臺北市中正區公園路20巷12號,"正門:976公尺,後門:862公尺,側門:996公尺","25.04507,121.5165803"
臺北市中正區館前路6號2樓,"正門:1184公尺,後門:1065公尺,側門:1199公尺","25.0460957,121.5148151"
臺北市中正區中華路二段311巷,"正門:2444公尺,後門:2463公尺,側門:2539公尺","25.0287032,121.5062855"
臺北市中正區牯嶺街43號,"正門:1610公尺,後門:1678公尺,側門:1714公尺","25.0299998,121.5166002"
臺北市中正區三元街262號,"正門:2018公尺,後門:2080公尺,側門:2121公尺","25.0273075,121.5137972"
臺北市中正區忠孝東路一段12號,"正門:436公尺,後門:293公尺,側門:423公尺","25.0445802,121.5224401"
臺北市中正區臨沂街27巷4之1號,"正門:554公尺,後門:667公尺,側門:534公尺","25.0408636,121.5309843"
臺北市中正區同安街85之8號,"正門:2168公尺,後門:2280公尺,側門:2269公尺","25.0229175,121.5209467"
臺北市中正區北平西路3號,"正門:1137公尺,後門:1004公尺,側門:1136公尺","25.0473199,121.5160463"
臺北市中正區汀州路三段295號,"正門:3489公尺,後門:3635公尺,側門:3562公尺","25.011975,121.5357848"
臺北市中正區開封街一段29號,"正門:1218公尺,後門:1102公尺,側門:1236公尺","25.045859,121.5143519"
臺北市中正區青島東路21之8號,"正門:225公尺,後門:81公尺,側門:214公尺","25.04344,121.5241354"
臺北市中正區北平東路9號,"正門:563公尺,後門:414公尺,側門:506公尺","25.0465885,121.5234397"
臺北市中正區忠孝東路二段23號1樓,"正門:309公尺,後門:306公尺,側門:209公尺","25.0439449,121.527723"
臺北市中正區杭州南路一段11巷4號,"正門:214公尺,後門:243公尺,側門:123公尺","25.0431724,121.5272432"
臺北市中正區市民大道100號臺北地下街Y26,"正門:1473公尺,後門:1336公尺,側門:1466公尺","25.0495017,121.5136386"
臺北市中正區羅斯福路三段316巷8弄6號,"正門:3024公尺,後門:3168公尺,側門:3102公尺","25.0154945,121.5325315"
臺北市中正區羅斯福路三段286巷4弄4號1樓,"正門:2961公尺,後門:3104公尺,側門:3039公尺","25.015986,121.532084"
臺北市中正區北平西路3號臺北車站1樓微風廣場一樓近南二門,"正門:1097公尺,後門:957公尺,側門:1085公尺","25.0480075,121.5170613"
臺北市中正區紹興北街25號,"正門:355公尺,後門:233公尺,側門:273公尺","25.0451167,121.5254276"
臺北市中正區博愛路99號,"正門:1415公尺,後門:1331公尺,側門:1460公尺","25.043002,121.511644"
臺北市中正區羅斯福路一段59號,"正門:1292公尺,後門:1371公尺,側門:1396公尺","25.0318815,121.5192094"
臺北市中正區信陽街26之4號,"正門:1061公尺,後門:957公尺,側門:1090公尺","25.0444759,121.5154778"
臺北市大安區溫州街58巷2號1F,"正門:2484公尺,後門:2630公尺,側門:2557公尺","25.0206295,121.5329435"
臺北市中正區杭州南路二段94號,"正門:1467公尺,後門:1574公尺,側門:1568公尺","25.0292197,121.5217929"
臺北市中正區武昌街一段65號2樓,"正門:1557公尺,後門:1462公尺,側門:1594公尺","25.044236,121.510398"
臺北市中正區寶慶路32號B1,"正門:1672公尺,後門:1602公尺,側門:1727公尺","25.0416016,121.5090412"
臺北市中正區羅斯福路二段30巷11號,"正門:1612公尺,後門:1716公尺,側門:1715公尺","25.0280987,121.5208773"
臺北市中正區汀州路三段104巷4號,"正門:3187公尺,後門:3332公尺,側門:3265公尺","25.014119,121.533136"
臺北市中正區南昌路一段59巷14號,"正門:1380公尺,後門:1450公尺,側門:1484公尺","25.03162,121.51802"
臺北市中正區重慶南路一段46巷3號,"正門:1329公尺,後門:1229公尺,側門:1362公尺","25.0445452,121.5127596"
臺北市中正區八德路一段28號,"正門:506公尺,後門:554公尺,側門:432公尺","25.0435567,121.530308"
臺北市大安區杭州南路二段55號2樓,"正門:1081公尺,後門:1190公尺,側門:1183公尺","25.0325548,121.522821"
臺北市中正區林森南路3巷1號,"正門:335公尺,後門:185公尺,側門:307公尺","25.0443362,121.5236282"
臺北市中正區汀洲路三段202號,"正門:3453公尺,後門:3600公尺,側門:3527公尺","25.0122075,121.5354191"
台北市中正區汀州路一段210號,"正門:2259公尺,後門:2297公尺,側門:2359公尺","25.0278367,121.5095073"
臺北市中正區懷寧街21號2樓,"正門:1200公尺,後門:1090公尺,側門:1224公尺","25.0452966,121.5143127"
臺北市中正區羅斯福路四段108巷4之2號,"正門:3345公尺,後門:3491公尺,側門:3418公尺","25.013182,121.5352561"
臺北市中正區羅斯福路三段210巷8弄7號,"正門:2671公尺,後門:2811公尺,側門:2755公尺","25.0182028,121.5295737"
臺北市中正區八德路一段82巷9弄13號,"正門:616公尺,後門:669公尺,側門:545公尺","25.0435921,121.5314457"
臺北市中正區開封街一段10號,"正門:1221公尺,後門:1106公尺,側門:1240公尺","25.0458232,121.5142984"
臺北市中正區中華路二段305巷15之1號,"正門:2463公尺,後門:2476公尺,側門:2557公尺","25.0294273,121.505472"
臺北市中正區寶慶路63號,"正門:1647公尺,後門:1574公尺,側門:1700公尺","25.0418882,121.5092913"
臺北市中正區重慶南路一段116號,"正門:1270公尺,後門:1198公尺,側門:1324公尺","25.041916,121.513028"
臺北市中正區廈門街34巷2號,"正門:1983公尺,後門:2071公尺,側門:2087公尺","25.0257848,121.5173133"
臺北市中正區北平西路3號2樓,"正門:1084公尺,後門:946公尺,側門:1075公尺","25.0477467,121.5169983"
臺北市中正區中華路二段313巷19號,"正門:2451公尺,後門:2472公尺,側門:2547公尺","25.0285186,121.5063471"
臺北市中正區新生南路一段14號,"正門:718公尺,後門:778公尺,側門:652公尺","25.0434057,121.532549"
臺北市中正區汀州路一段111號一樓,"正門:2240公尺,後門:2273公尺,側門:2339公尺","25.028453,121.50913"
臺北市中正區北平西路3號2樓,"正門:1084公尺,後門:946公尺,側門:1075公尺","25.0477467,121.5169983"
臺北市中正區衡陽路3號2樓,"正門:1187公尺,後門:1108公尺,側門:1236公尺","25.0424957,121.5138702"
臺北市中正區汀州路三段230巷57號,"正門:3560公尺,後門:3701公尺,側門:3641公尺","25.0104627,121.5318882"
臺北市中正區許昌街2號,"正門:945公尺,後門:824公尺,側門:958公尺","25.0454314,121.517089"
臺北市中正區延平南路19號,"正門:1557公尺,後門:1449公尺,側門:1584公尺","25.045783,121.51078"
臺北市萬華區西藏路18號,"正門:2213公尺,後門:2226公尺,側門:2307公尺","25.0307206,121.5074967"
臺北市中正區羅斯福路四段132號一樓,"正門:3382公尺,後門:3529公尺,側門:3454公尺","25.0129836,121.5357926"
臺北市中正區延平南路58號,"正門:1585公尺,後門:1480公尺,側門:1614公尺","25.0455055,121.5104056"
臺北市中正區開封街一段38號,"正門:1411公尺,後門:1300公尺,側門:1434公尺","25.045895,121.512331"
臺北市中正區羅斯福路二段30巷13號,"正門:1623公尺,後門:1728公尺,側門:1725公尺","25.0279662,121.5209975"
臺北市中正區濟南路二段60之5號,"正門:685公尺,後門:804公尺,側門:671公尺","25.0401405,121.5321189"
臺北市中正區和平西路一段81號,"正門:1835公尺,後門:1925公尺,側門:1939公尺","25.0268485,121.5182848"
臺北市中正區汀州路三段165號,"正門:3040公尺,後門:3184公尺,側門:3119公尺","25.0152949,121.532295"
台北市中正區羅斯福路三段316巷8弄7號,"正門:3039公尺,後門:3183公尺,側門:3117公尺","25.0153909,121.5326765"
台北市中正區中華路二段311巷22-3號,"正門:2423公尺,後門:2443公尺,側門:2518公尺","25.0287567,121.5065007"
臺北市中正區忠孝東路二段37號2樓,"正門:324公尺,後門:333公尺,側門:229公尺","25.043854,121.528033"
臺北市中正區臨沂街84巷7號,"正門:850公尺,後門:995公尺,側門:930公尺","25.034504,121.527571"
臺北市中正區中華路二段313巷5號,"正門:2486公尺,後門:2507公尺,側門:2582公尺","25.0282771,121.5061166"
臺北市中正區中華路二段309巷9號,"正門:2483公尺,後門:2500公尺,側門:2578公尺","25.0287774,121.505733"
臺北市中正區和平西路一段80號,"正門:1869公尺,後門:1964公尺,側門:1972公尺","25.0263293,121.5187718"
臺北市中正區公園路30巷4號,"正門:936公尺,後門:835公尺,側門:968公尺","25.0439666,121.5166206"
臺北市中正區寧波東街11之2號,"正門:1137公尺,後門:1220公尺,側門:1242公尺","25.0329709,121.5201967"
臺北市中正區臨沂街3巷7號,"正門:594公尺,後門:652公尺,側門:526公尺","25.0433606,121.5312936"
臺北市中正區汀州路三段230巷43號,"正門:3543公尺,後門:3685公尺,側門:3623公尺","25.0106803,121.5322649"
臺北市中正區杭州南路二段44之1號,"正門:1285公尺,後門:1391公尺,側門:1387公尺","25.0308408,121.5220919"
台北市中正區北平西路3號,"正門:1137公尺,後門:1004公尺,側門:1136公尺","25.0473199,121.5160463"
中正區中華路二段315巷5弄9號攤位,"正門:2439公尺,後門:2456公尺,側門:2534公尺","25.0290144,121.5060863"
臺北市中正區和平西路一段30號2樓,"正門:1784公尺,後門:1889公尺,側門:1886公尺","25.026574,121.5205593"
臺北市中正區中華路二段307巷70號攤位,"正門:2374公尺,後門:2391公尺,側門:2469公尺","25.0294764,121.5065091"
臺北市中正區開封街一段14巷2號,"正門:1268公尺,後門:1155公尺,側門:1289公尺","25.0457149,121.5137602"
臺北市中正區羅斯福路四段136巷6弄23號1樓,"正門:3460公尺,後門:3607公尺,側門:3533公尺","25.0122635,121.5358449"
臺北市中正區金門街25之2號,"正門:2332公尺,後門:2453公尺,側門:2429公尺","25.0211304,121.5228437"
臺北市中正區漢口街一段73號之2,"正門:1439公尺,後門:1334公尺,側門:1468公尺","25.0452987,121.5118418"
台北市中正區北平西路3號西三門2樓,"正門:1084公尺,後門:946公尺,側門:1075公尺","25.0477467,121.5169983"
臺北市中正區南陽街5號,"正門:1025公尺,後門:908公尺,側門:1043公尺","25.0453242,121.516177"
臺北市中正區羅斯福路三段126號,"正門:2389公尺,後門:2526公尺,側門:2476公尺","25.0205742,121.5279607"
臺北市中正區和平西路一段132號,"正門:1898公尺,後門:1979公尺,側門:2003公尺","25.0269014,121.5167267"
臺北市中正區同安街24號,"正門:1936公尺,後門:2052公尺,側門:2035公尺","25.0248113,121.5222461"
臺北市中正區延平南路11號1樓,"正門:1563公尺,後門:1452公尺,側門:1587公尺","25.0461958,121.5108528"
臺北市中正區中華路二段303巷2號,"正門:2513公尺,後門:2525公尺,側門:2606公尺","25.029223,121.5050271"
臺北市中正區羅斯福路四段92號,"正門:3300公尺,後門:3447公尺,側門:3374公尺","25.0135188,121.534971"
臺北市中正區信義路二段79巷16之6號,"正門:738公尺,後門:880公尺,側門:822公尺","25.0353969,121.5268358"
臺北市中正區中華路二段313巷36號,"正門:2466公尺,後門:2487公尺,側門:2562公尺","25.0284065,121.5062546"
台北市中正區南陽街21號,"正門:985公尺,後門:884公尺,側門:1017公尺","25.0440612,121.5161405"
臺北市中正區臨沂街67之2號,"正門:725公尺,後門:875公尺,側門:794公尺","25.0359292,121.5284088"
台北市中正區汀州路三段166號,"正門:3309公尺,後門:3455公尺,側門:3384公尺","25.0133273,121.5345372"
臺北市中正區羅斯福路四段134號2樓號,"正門:3386公尺,後門:3533公尺,側門:3459公尺","25.0129485,121.5358227"
臺北市中正區忠孝西路一段47號B1F,"正門:1169公尺,後門:1041公尺,側門:1174公尺","25.0469357,121.5154329"
臺北市中正區青島東路7之5號,"正門:415公尺,後門:280公尺,側門:413公尺","25.0441893,121.5223436"
臺北市中正區懷寧街64號,"正門:1197公尺,後門:1101公尺,側門:1233公尺","25.0439245,121.5139608"
臺北市中正區南昌路一段59巷37號,"正門:1362公尺,後門:1435公尺,側門:1466公尺","25.0316448,121.518303"
臺北市中正區忠孝西路一段66號12樓,"正門:1143公尺,後門:1022公尺,側門:1156公尺","25.0461864,121.5153037"
臺北市中正區寧波西街1號,"正門:1342公尺,後門:1419公尺,側門:1446公尺","25.0315748,121.5188063"
臺北市中正區南海路38之2號,"正門:1471公尺,後門:1520公尺,側門:1573公尺","25.03216,121.515801"
臺北市中正區金門街34巷9之3號,"正門:2297公尺,後門:2416公尺,側門:2395公尺","25.0214836,121.5225436"
臺北市中正區信義路二段87號,"正門:839公尺,後門:980公尺,側門:924公尺","25.0344712,121.5268393"
臺北市中正區臨沂街73之1號,"正門:804公尺,後門:952公尺,側門:879公尺","25.0350562,121.5280801"
臺北市中正區林森南路61巷19號,"正門:365公尺,後門:424公尺,側門:465公尺","25.0396531,121.5230192"
臺北市中正區南陽街24號,"正門:1009公尺,後門:904公尺,側門:1037公尺","25.0444048,121.5159993"
臺北市中正區汀州路三段229號,"正門:3221公尺,後門:3367公尺,側門:3297公尺","25.0140145,121.5340263"
臺北市中正區和平西路一段34號,"正門:1791公尺,後門:1894公尺,側門:1893公尺","25.0265463,121.5204347"
臺北市中正區南陽街3號,"正門:1021公尺,後門:905公尺,側門:1039公尺","25.0452988,121.5162058"
臺北市中正區博愛路185號,"正門:1686公尺,後門:1684公尺,側門:1774公尺","25.0347699,121.5108937"
臺北市中正區羅斯福路四段108巷2號,"正門:3335公尺,後門:3482公尺,側門:3408公尺","25.0132934,121.5353407"
臺北市中正區中華路一段77號,"正門:1825公尺,後門:1777公尺,側門:1893公尺","25.038885,121.5078383"
臺北市中正區忠孝西路一段72之26號,"正門:1306公尺,後門:1185公尺,側門:1319公尺","25.0467057,121.5137929"
臺北市中正區衡陽路52號,"正門:1365公尺,後門:1291公尺,側門:1417公尺","25.0420806,121.5120889"
臺北市中正區南陽街8號,"正門:1037公尺,後門:922公尺,側門:1057公尺","25.0452276,121.5160061"
臺北市中正區八德路一段82巷16號,"正門:673公尺,後門:730公尺,側門:605公尺","25.0435407,121.5320568"
臺北市中正區和平西路二段107號,"正門:2182公尺,後門:2180公尺,側門:2271公尺","25.0324992,121.5066543"
臺北市中正區羅斯福路三段286巷4弄6號,"正門:2964公尺,後門:3107公尺,側門:3042公尺","25.015952,121.532045"
臺北市中正區市民大道三段2號9樓,"正門:672公尺,後門:680公尺,側門:581公尺","25.0453541,121.5311072"
臺北市大同區承德路一段1號1樓,"正門:1182公尺,後門:1036公尺,側門:1159公尺","25.049308,121.5171935"
臺北市中正區羅斯福路四段108巷2之3號,"正門:3346公尺,後門:3493公尺,側門:3420公尺","25.0131689,121.5352644"
臺北市中正區信陽街29號,"正門:1056公尺,後門:948公尺,側門:1082公尺","25.0447679,121.5156272"
臺北市中正區臨沂街13巷5號,"正門:542公尺,後門:623公尺,側門:491公尺","25.0423901,121.5309699"
臺北市中正區信陽街3號2樓,"正門:940公尺,後門:827公尺,側門:962公尺","25.0448176,121.5168605"
臺北市中正區羅斯福路三段316巷9弄7號,"正門:2974公尺,後門:3116公尺,側門:3053公尺","25.0157801,121.5316367"
臺北市中正區信義路二段79巷15號,"正門:711公尺,後門:855公尺,側門:794公尺","25.0356664,121.5270035"
臺北市中正區忠孝西路一段36號,"正門:986公尺,後門:860公尺,側門:994公尺","25.0460243,121.5169483"
臺北市中正區臺北市忠孝東路一段108號2樓,"正門:234公尺,後門:90公尺,側門:183公尺","25.043898,121.524815"
臺北市中正區鎮江街1巷1號,"正門:472公尺,後門:338公尺,側門:472公尺","25.0443616,121.5217918"
臺北市中正區延平南路23號,"正門:1556公尺,後門:1450公尺,側門:1584公尺","25.0456689,121.510751"
臺北市中正區忠孝西路一段41號之1號,"正門:876公尺,後門:742公尺,側門:873公尺","25.0463392,121.5184207"
臺北市中正區南昌路一段74巷6號1樓,"正門:1508公尺,後門:1574公尺,側門:1611公尺","25.030863,121.517001"
臺北市中正區汀州路二段100號,"正門:2004公尺,後門:2105公尺,側門:2106公尺","25.0248173,121.5194558"
台北市中正區濟南路二段54巷,"正門:654公尺,後門:774公尺,側門:641公尺","25.0401716,121.5318066"
台北市中正區和平西路一段14號,"正門:1742公尺,後門:1851公尺,側門:1843公尺","25.0267396,121.5214855"
臺北市中正區羅斯福路三段316巷１０號,"正門:3007公尺,後門:3151公尺,側門:3085公尺","25.0156333,121.5324369"
臺北市中正區汀州路三段137號,"正門:2919公尺,後門:3061公尺,側門:3000公尺","25.0161547,121.5309498"
臺北市中正區羅斯福路四段92號,"正門:3300公尺,後門:3447公尺,側門:3374公尺","25.0135188,121.534971"
台北市羅斯褔路四段108巷10號,"正門:3345公尺,後門:3492公尺,側門:3419公尺","25.013129,121.5350852"
臺北市中正區臨沂街84巷3號,"正門:857公尺,後門:1002公尺,側門:936公尺","25.034464,121.527673"
臺北市中正區和平西路一段57號1樓,"正門:1793公尺,後門:1893公尺,側門:1896公尺","25.0267198,121.5197716"
台北市中正區晉江街18巷18弄4號,"正門:1862公尺,後門:1968公尺,側門:1963公尺","25.0258129,121.5206896"
臺北市中正區南昌路夜市,"正門:1621公尺,後門:1712公尺,側門:1725公尺","25.028629,121.5190686"
臺北市中正區杭州南路二段52號,"正門:1331公尺,後門:1438公尺,側門:1433公尺","25.0304201,121.5220352"
臺北市中正區廈門街77之3號,"正門:2085公尺,後門:2177公尺,側門:2189公尺","25.0246697,121.5175907"
臺北市中正區中山南路21之1號,"正門:842公尺,後門:882公尺,側門:941公尺","25.0368934,121.5193872"
臺北市中正區林森南路2之4號,"正門:377公尺,後門:233公尺,側門:362公尺","25.044331,121.5229829"
臺北市中正區羅斯福路一段8號,"正門:1303公尺,後門:1368公尺,側門:1406公尺","25.0324803,121.5180034"
臺北市中正區忠孝西路一段38號B1,"正門:1045公尺,後門:919公尺,側門:1053公尺","25.0462341,121.5164145"
臺北市中正區南昌路二段112號,"正門:1833公尺,後門:1947公尺,側門:1933公尺","25.0257837,121.5220567"
臺北市中正區南昌路二段216號,"正門:2009公尺,後門:2135公尺,側門:2104公尺","25.0239122,121.5244446"
臺北市中正區湖口街1之2號,"正門:1483公尺,後門:1517公尺,側門:1581公尺","25.0331174,121.5145954"
臺北市中正區中華路二段309巷20號,"正門:2453公尺,後門:2471公尺,側門:2548公尺","25.0289267,121.5059821"
臺北市大安區汀州路三段253號,"正門:3354公尺,後門:3501公尺,側門:3428公尺","25.0130544,121.5351257"
臺北市中正區羅斯福路三段284巷15號,"正門:2959公尺,後門:3102公尺,側門:3039公尺","25.0158858,121.5315007"
臺北市中正區羅斯福路四段136巷3號,"正門:3387公尺,後門:3534公尺,側門:3461公尺","25.0127831,121.5352608"
臺北市中正區忠孝東路一段108號2樓,"正門:234公尺,後門:90公尺,側門:183公尺","25.043898,121.524815"
臺北市中正區延平南路88號,"正門:1590公尺,後門:1494公尺,側門:1627公尺","25.0444793,121.5101038"
台北市大安區新生南路一段168-8號,"正門:1094公尺,後門:1244公尺,側門:1137公尺","25.0342892,121.5324428"
臺北市中正區林森南路142號2樓,"正門:1224公尺,後門:1286公尺,側門:1327公尺","25.0332444,121.5181789"
臺北市中正區仁愛路二段93之1號,"正門:734公尺,後門:872公尺,側門:747公尺","25.0383914,121.5317561"
臺北市中正區北平西路3號2F,"正門:1137公尺,後門:1004公尺,側門:1136公尺","25.0473199,121.5160463"
臺北市中正區汀州路三段183號,"正門:3103公尺,後門:3247公尺,側門:3181公尺","25.0148108,121.5327455"
臺北市中正區濟南路一段9之2號,"正門:364公尺,後門:280公尺,側門:405公尺","25.0426739,121.5221022"
臺北市中正區忠孝西路一段66號B2,"正門:1162公尺,後門:1040公尺,側門:1174公尺","25.0463126,121.51516"
臺北市萬華區中華路二段313巷22號,"正門:2424公尺,後門:2446公尺,側門:2520公尺","25.0285205,121.506683"
臺北市中正區辛亥路一段1號,"正門:2587公尺,後門:2722公尺,側門:2675公尺","25.0187584,121.5275328"
臺北市中正區齊東街53巷10號,"正門:351公尺,後門:466公尺,側門:333公尺","25.041366,121.5290469"
臺北市中正區重慶南路一段38號,"正門:1302公尺,後門:1198公尺,側門:1331公尺","25.0448711,121.5131298"
台北市中正區北平西路3號2樓近西一門,"正門:1160公尺,後門:1026公尺,側門:1158公尺","25.0475172,121.5159125"
臺北市中正區信義路二段17巷10號,"正門:675公尺,後門:807公尺,側門:768公尺","25.035868,121.5255546"
台北市北平西路3號,"正門:1137公尺,後門:1004公尺,側門:1136公尺","25.0473199,121.5160463"
臺北市大安區羅斯福路三段283巷21弄3號1樓,"正門:2526公尺,後門:2671公尺,側門:2604公尺","25.0198755,121.5315302"
臺北市中正區忠孝西路一段66號12樓,"正門:1143公尺,後門:1022公尺,側門:1156公尺","25.0461864,121.5153037"
台北市中正區羅斯福路三段316巷8弄12-1號,"正門:3040公尺,後門:3184公尺,側門:3118公尺","25.0153735,121.5326376"
臺北市中正區館前路12號5樓,"正門:1174公尺,後門:1059公尺,側門:1194公尺","25.0456618,121.5147282"
台北市中正區南昌路二段131號,"正門:1790公尺,後門:1904公尺,側門:1890公尺","25.0261609,121.522126"
臺北市中正區汀州路一段113號,"正門:2238公尺,後門:2272公尺,側門:2337公尺","25.028398,121.5092051"
臺北市中正區林森南路3巷3號1F,"正門:331公尺,後門:180公尺,側門:301公尺","25.0443408,121.523704"
臺北市中正區西藏路10號,"正門:2199公尺,後門:2213公尺,側門:2293公尺","25.0306967,121.5076864"
台北市忠孝東路二段134巷20號,"正門:624公尺,後門:736公尺,側門:602公尺","25.0407835,121.5316808"
臺北市中正區同安街85之1號,"正門:2168公尺,後門:2280公尺,側門:2269公尺","25.0229175,121.5209467"
臺北市中正區忠孝西路一段66號B1,"正門:1142公尺,後門:1021公尺,側門:1155公尺","25.0461497,121.5152982"
臺北市中正區公園路20巷15號3樓,"正門:997公尺,後門:882公尺,側門:1016公尺","25.0451898,121.5164081"
臺北市中正區開封街一段48號,"正門:1204公尺,後門:1088公尺,側門:1222公尺","25.045817,121.514481"
台北市中正區忠孝西路一段36號,"正門:986公尺,後門:860公尺,側門:994公尺","25.0460243,121.5169483"
台北市羅斯福路四段92號1樓5356攤位水源市場內,"正門:3280公尺,後門:3427公尺,側門:3354公尺","25.01371,121.534983"
臺北市中正區公園路20巷14號,"正門:982公尺,後門:867公尺,側門:1002公尺","25.0450731,121.5165218"
臺北市中正區汀州路三段196號,"正門:3432公尺,後門:3579公尺,側門:3506公尺","25.0123666,121.5352873"
臺北市中正區臨沂街13巷7號,"正門:554公尺,後門:635公尺,側門:503公尺","25.0423597,121.5310883"
臺北市中正區市民大道三段2號9樓,"正門:672公尺,後門:680公尺,側門:581公尺","25.0453541,121.5311072"
臺北市中正區濟南路二段60之3號,"正門:685公尺,後門:804公尺,側門:671公尺","25.0401405,121.5321189"
臺北市中正區紹興南街5之2號,"正門:197公尺,後門:60公尺,側門:148公尺","25.0436111,121.525"
臺北市松山區長安東路二段215號10樓,"正門:2038公尺,後門:2071公尺,側門:1960公尺","25.0484092,121.5445221"
臺北市中正區林森南路4號,"正門:350公尺,後門:212公尺,側門:345公尺","25.043956,121.5229715"
臺北市中正區金門街4號,"正門:2117公尺,後門:2244公尺,側門:2212公尺","25.0229383,121.524468"
臺北市中正區青島西路11號,"正門:869公尺,後門:750公尺,側門:885公尺","25.0450483,121.5177209"
臺北市中正區羅斯福路三段316巷7之3號,"正門:2998公尺,後門:3141公尺,側門:3076公尺","25.0156779,121.532234"
臺北市中正區汀州路三段149號1樓,"正門:2946公尺,後門:3089公尺,側門:3027公尺","25.015961,121.531258"
臺北市中正區博愛路7號1樓,"正門:1503公尺,後門:1391公尺,側門:1526公尺","25.0461373,121.5114628"
臺北市中正區漢口街一段80巷12之5號,"正門:1395公尺,後門:1295公尺,側門:1428公尺","25.0445813,121.5121042"
臺北市中正區齊東街68號,"正門:233公尺,後門:340公尺,側門:208公尺","25.0418525,121.5279243"
臺北市中正區漢口街一段80巷,"正門:1380公尺,後門:1279公尺,側門:1412公尺","25.0446588,121.5122751"
臺北市中正區中華路二段75巷1弄13號,"正門:2108公尺,後門:2093公尺,側門:2192公尺","25.0343939,121.5064452"
臺北市中正區杭州南路一段14之7號,"正門:286公尺,後門:383公尺,側門:391公尺","25.0396989,121.5242042"
臺北市中正區許昌街19號,"正門:1002公尺,後門:880公尺,側門:1015公尺","25.0456755,121.5165906"
臺北市中正區汀州路三段208號,"正門:3466公尺,後門:3613公尺,側門:3540公尺","25.0121035,121.535495"
臺北市中正區衡陽路94號,"正門:1505公尺,後門:1431公尺,側門:1557公尺","25.042128,121.510696"
臺北市中正區中華路二段305巷15號,"正門:2463公尺,後門:2476公尺,側門:2557公尺","25.0294273,121.505472"
臺北市中正區中華路二段301巷16號,"正門:2468公尺,後門:2478公尺,側門:2561公尺","25.0297465,121.5051772"
臺北市中正區羅斯福路四段92號,"正門:3300公尺,後門:3447公尺,側門:3374公尺","25.0135188,121.534971"
臺北市中正區汀州路三段273號1樓,"正門:3425公尺,後門:3572公尺,側門:3499公尺","25.0124864,121.5354882"
臺北市中正區羅斯福路三段316巷8弄3之4號,"正門:3014公尺,後門:3158公尺,側門:3092公尺","25.0156061,121.5326131"
臺北市中正區青島東路4之2號1樓,"正門:473公尺,後門:352公尺,側門:487公尺","25.0438749,121.5214541"
臺北市中正區中華路二段1號,"正門:1995公尺,後門:1965公尺,側門:2072公尺","25.0363705,121.5068203"
台北市台北市中正區南陽街1號2樓,"正門:1035公尺,後門:915公尺,側門:1050公尺","25.0456512,121.5162179"
臺北市中正區南昌路二段4之3號,"正門:1892公尺,後門:2011公尺,側門:1989公尺","25.0250941,121.523075"
臺北市中正區延平南路36之1號,"正門:1584公尺,後門:1472公尺,側門:1606公尺","25.0463951,121.5107085"
臺北市中正區金門街5之1號,"正門:2303公尺,後門:2423公尺,側門:2400公尺","25.0213943,121.5228493"
臺北市中正區八德路一段82巷9弄14號,"正門:638公尺,後門:694公尺,側門:569公尺","25.0434812,121.5317081"
台北市中正區杭州南路一段57號,"正門:158公尺,後門:305公尺,側門:245公尺","25.0405532,121.5259843"
臺北市中正區師大路164號,"正門:2318公尺,後門:2449公尺,側門:2410公尺","25.0211042,121.5258237"
臺北市中正區信陽街18號,"正門:1044公尺,後門:939公尺,側門:1073公尺","25.0445032,121.5156606"
臺北市中正區寶慶路32號,"正門:1669公尺,後門:1600公尺,側門:1725公尺","25.0414461,121.5090757"
臺北市中正區林森南路7號,"正門:306公尺,後門:161公尺,側門:290公尺","25.0439639,121.5235742"
臺北市中正區金山北路1號2樓,"正門:548公尺,後門:578公尺,側門:465公尺","25.0442097,121.5304393"
臺北市中正區信陽街14號,"正門:1034公尺,後門:927公尺,側門:1061公尺","25.0445919,121.5158014"
台北市中正區北平西路3號2樓,"正門:1084公尺,後門:946公尺,側門:1075公尺","25.0477467,121.5169983"
臺北市中正區臨沂街70號,"正門:847公尺,後門:994公尺,側門:925公尺","25.034584,121.527824"
臺北市中正區公園路20巷21號,"正門:1009公尺,後門:893公尺,側門:1028公尺","25.0452066,121.5162942"
臺北市中正區寧波西街81號,"正門:1572公尺,後門:1639公尺,側門:1675公尺","25.0303386,121.5167232"
臺北市中正區汀州路三段210號,"正門:3473公尺,後門:3620公尺,側門:3547公尺","25.0120475,121.5355231"
臺北市中正區同安街28巷1號,"正門:1945公尺,後門:2058公尺,側門:2045公尺","25.0248237,121.5217016"
臺北市中正區泉州街39號,"正門:1818公尺,後門:1877公尺,側門:1921公尺","25.0290388,121.5145524"
臺北市中正區南昌路一段108巷1號2樓,"正門:1548公尺,後門:1621公尺,側門:1652公尺","25.0301389,121.5174888"
台北市中正區忠孝東路二段134巷1號,"正門:621公尺,後門:718公尺,側門:584公尺","25.0415988,121.5317676"
臺北市中正區福州街3號1樓,"正門:1469公尺,後門:1563公尺,側門:1573公尺","25.0297426,121.5200389"
臺北市中正區寧波西街69號,"正門:1537公尺,後門:1606公尺,側門:1641公尺","25.030513,121.517049"
臺北市中正區北平西路3號1樓號臺北車站大廳南二門,"正門:1097公尺,後門:957公尺,側門:1085公尺","25.0480075,121.5170613"
臺北市中正區徐州路34號,"正門:256公尺,後門:307公尺,側門:353公尺","25.0405954,121.523547"
臺北市中正區濟南路二段3號,"正門:104公尺,後門:238公尺,側門:129公尺","25.0416754,121.5266074"
臺北市中正區羅斯福路四段138號,"正門:3388公尺,後門:3535公尺,側門:3460公尺","25.0129577,121.5358972"
臺北市中正區八德路一段104號,"正門:733公尺,後門:778公尺,側門:659公尺","25.0441289,121.5324731"
臺北市大安區羅斯福路三段316巷內,"正門:2968公尺,後門:3113公尺,側門:3045公尺","25.0160833,121.5328368"
臺北市中正區信義路二段253號1樓,"正門:1070公尺,後門:1221公尺,側門:1123公尺","25.0338644,121.531387"
臺北市中正區信義路二段79巷13號,"正門:776公尺,後門:918公尺,側門:860公尺","25.0350518,121.5268814"
臺北市中正區汀州路二段186號,"正門:2149公尺,後門:2269公尺,側門:2246公尺","25.0227701,121.5230166"
臺北市中正區三元街52號,"正門:2192公尺,後門:2219公尺,側門:2289公尺","25.0292681,121.5089805"
臺北市中正區汀州路三段86號,"正門:3121公尺,後門:3265公尺,側門:3199公尺","25.0146237,121.5326422"
臺北市中正區汀州路三段235號,"正門:3235公尺,後門:3380公尺,側門:3310公尺","25.0139087,121.5341141"
臺北市中正區北平西路3號2樓,"正門:1084公尺,後門:946公尺,側門:1075公尺","25.0477467,121.5169983"
臺北市中正區思源街10號,"正門:3071公尺,後門:3214公尺,側門:3151公尺","25.014916,121.5317983"
臺北市中正區北平西路3號2樓,"正門:1084公尺,後門:946公尺,側門:1075公尺","25.0477467,121.5169983"
台北市中正區信義路二段81號,"正門:810公尺,後門:951公尺,側門:896公尺","25.0347273,121.5267743"
臺北市中正區中華路二段307巷9號,"正門:2482公尺,後門:2497公尺,側門:2576公尺","25.0290468,121.5055341"
臺北市中正區林森南路7之1號,"正門:306公尺,後門:161公尺,側門:290公尺","25.0439639,121.5235742"
臺北市中正區羅斯福路三段316巷14號,"正門:3018公尺,後門:3162公尺,側門:3096公尺","25.0155113,121.5323408"
臺北市中正區和平西路一段118號,"正門:1886公尺,後門:1969公尺,側門:1990公尺","25.0268619,121.5170777"
臺北市中正區南昌路一段59巷17號,"正門:1406公尺,後門:1476公尺,側門:1509公尺","25.0314083,121.5179171"
臺北市中正區金山南路一段19號,"正門:407公尺,後門:537公尺,側門:409公尺","25.0405319,121.5293519"
臺北市中正區寧波西街48號,"正門:1467公尺,後門:1540公尺,側門:1571公尺","25.030785,121.517853"
臺北市中正區汀州路三段185號,"正門:3114公尺,後門:3259公尺,側門:3192公尺","25.0147314,121.5328485"
臺北市中正區南昌路二段111號,"正門:1763公尺,後門:1875公尺,側門:1864公尺","25.0264962,121.5216803"
台北市中正區八德路一段82巷8號,"正門:669公尺,後門:719公尺,側門:597公尺","25.0437767,121.5319276"
臺北市中正區南陽街26號,"正門:1005公尺,後門:900公尺,側門:1034公尺","25.0443976,121.5160299"
臺北市中正區中華路一段39號,"正門:1638公尺,後門:1535公尺,側門:1668公尺","25.0453715,121.5098341"
臺北市中正區仁愛路二段32號,"正門:455公尺,後門:604公尺,側門:530公尺","25.0380738,121.5271113"
臺北市中正區汀州路三段57號,"正門:2651公尺,後門:2788公尺,側門:2738公尺","25.018211,121.528006"
台北市中正區南昌路一段59巷32號,"正門:1325公尺,後門:1396公尺,側門:1429公尺","25.0319878,121.5183944"
臺北市中正區羅斯福路三段286巷16號,"正門:2971公尺,後門:3115公尺,側門:3049公尺","25.0159491,121.5323595"
臺北市中正區羅斯福路二段126之3號,"正門:1789公尺,後門:1906公尺,側門:1888公尺","25.0260819,121.522681"
臺北市中正區紹興南街4之9號,"正門:183公尺,後門:31公尺,側門:158公尺","25.0433429,121.5247006"
台北市中正區延平南路98號4樓,"正門:1541公尺,後門:1462公尺,側門:1590公尺","25.0425041,121.5103541"
臺北市中正區汀州路三段281號,"正門:3438公尺,後門:3585公尺,側門:3512公尺","25.0123845,121.5355485"
臺北市中正區伊通街8之1號,"正門:1245公尺,後門:1223公尺,側門:1146公尺","25.0495788,121.5346232"
臺北市中正區北平西路3號2樓,"正門:1084公尺,後門:946公尺,側門:1075公尺","25.0477467,121.5169983"
臺北市中正區北平西路3號,"正門:1137公尺,後門:1004公尺,側門:1136公尺","25.0473199,121.5160463"
臺北市中正區汀州路三段187號,"正門:3123公尺,後門:3268公尺,側門:3201公尺","25.0146903,121.5330475"
臺北市中正區信義路二段171號1樓,"正門:948公尺,後門:1097公尺,側門:1017公尺","25.034033,121.52913"
臺北市中正區晉江街10號,"正門:1825公尺,後門:1933公尺,側門:1926公尺","25.026052,121.521129"
臺北市中正區中山南路8號B1,"正門:732公尺,後門:620公尺,側門:755公尺","25.0442304,121.5188189"
臺北市中正區市民大道三段2號9樓,"正門:672公尺,後門:680公尺,側門:581公尺","25.0453541,121.5311072"
臺北市中正區延平南路87號,"正門:1499公尺,後門:1412公尺,側門:1543公尺","25.043293,121.510837"
臺北市中正區同安街73巷10號,"正門:2126公尺,後門:2240公尺,側門:2225公尺","25.0231816,121.521609"
臺北市中正區羅斯福路二段30巷5號,"正門:1599公尺,後門:1702公尺,側門:1702公尺","25.0282441,121.5208019"
臺北市中正區懷寧街86號,"正門:1183公尺,後門:1099公尺,側門:1228公尺","25.042916,121.513943"
臺北市中正區南昌路二段105號,"正門:1747公尺,後門:1857公尺,側門:1848公尺","25.026681,121.5215058"
臺北市中正區忠孝西路一段38號3F,"正門:1052公尺,後門:928公尺,側門:1062公尺","25.0460991,121.5162582"
臺北市中正區延平南路153號,"正門:1933公尺,後門:1914公尺,側門:2015公尺","25.0354294,121.5078478"
臺北市中正區羅斯福路三段244巷9弄2之1號,"正門:2816公尺,後門:2957公尺,側門:2898公尺","25.0170063,121.5303878"
臺北市中正區北平西路3號臺北車站2樓,"正門:1097公尺,後門:957公尺,側門:1085公尺","25.0480075,121.5170613"
台北市中正區羅斯福路四段24巷11-1號,"正門:3064公尺,後門:3208公尺,側門:3142公尺","25.0151525,121.5326372"
臺北市中正區忠孝東路二段39巷2弄18號一樓,"正門:321公尺,後門:292公尺,側門:217公尺","25.044321,121.527394"
臺北市中正區忠孝東路二段134巷8號,"正門:605公尺,後門:698公尺,側門:564公尺","25.0418182,121.5316145"
臺北市中正區臨沂街40之5號,"正門:588公尺,後門:739公尺,側門:637公尺","25.037757,121.5291992"
臺北市中正區羅斯福路四段138號2樓,"正門:3397公尺,後門:3544公尺,側門:3469公尺","25.0128644,121.5358764"
臺北市中正區羅斯福路三段316巷8弄3之2號,"正門:3014公尺,後門:3158公尺,側門:3092公尺","25.0156061,121.5326131"
臺北市中正區中華路二段309巷46號,"正門:2378公尺,後門:2396公尺,側門:2473公尺","25.029244,121.506652"
臺北市中正區羅斯福路四段90巷,"正門:3266公尺,後門:3412公尺,側門:3340公尺","25.0137931,121.5347923"
臺北市中正區北平西路3號,"正門:1137公尺,後門:1004公尺,側門:1136公尺","25.0473199,121.5160463"
臺北市中正區羅斯福路二段36巷1號,"正門:1599公尺,後門:1705公尺,側門:1700公尺","25.028117,121.5212812"
台北市中正區同安街69巷2-4號,"正門:2087公尺,後門:2200公尺,側門:2187公尺","25.0235758,121.5214142"
臺北市中正區三元街69號,"正門:2157公尺,後門:2185公尺,側門:2255公尺","25.029495,121.509213"
臺北市中正區汀州路二段262之1號,"正門:2304公尺,後門:2432公尺,側門:2397公尺","25.0212404,121.5250477"
臺北市中正區羅斯福路三段94號,"正門:2268公尺,後門:2402公尺,側門:2357公尺","25.021585,121.5268322"
臺北市中正區北平西路3號,"正門:1137公尺,後門:1004公尺,側門:1136公尺","25.0473199,121.5160463"
臺北市中正區汀州路三段277號,"正門:3436公尺,後門:3583公尺,側門:3510公尺","25.0123985,121.5355393"
台北市中正區北平西路3號臺北車站,"正門:1097公尺,後門:957公尺,側門:1085公尺","25.0480075,121.5170613"
臺北市中正區杭州南路一段145之2號1樓,"正門:667公尺,後門:789公尺,側門:765公尺","25.036005,121.5246659"
臺北市中正區和平西路一段28號,"正門:1782公尺,後門:1887公尺,側門:1884公尺","25.0265679,121.5206539"
臺北市中正區羅斯福路四段136巷1弄13號,"正門:3361公尺,後門:3508公尺,側門:3434公尺","25.0130637,121.5353865"
臺北市中正區南昌路一段73號1樓,"正門:1465公尺,後門:1535公尺,側門:1569公尺","25.0309962,121.5175315"
臺北市中正區寧波西街17號,"正門:1384公尺,後門:1459公尺,側門:1488公尺","25.0313421,121.5184283"
臺北市中正區衡陽路62號2樓,"正門:1395公尺,後門:1320公尺,側門:1446公尺","25.0421758,121.5117931"
臺北市中正區羅斯福路三段244巷10弄19號,"正門:2935公尺,後門:3078公尺,側門:3015公尺","25.016115,121.531526"
臺北市中正區汀州路三段271號,"正門:3420公尺,後門:3567公尺,側門:3494公尺","25.012527,121.5354658"
臺北市中正區汀州路二段211號,"正門:2061公尺,後門:2179公尺,側門:2159公尺","25.0236187,121.5226106"
臺北市中正區羅斯福路三段316巷12號,"正門:3012公尺,後門:3156公尺,側門:3090公尺","25.015582,121.532409"
臺北市中正區信陽街27號,"正門:1055公尺,後門:946公尺,側門:1081公尺","25.044812,121.5156503"
臺北市中正區羅斯福路三段100之1號,"正門:2306公尺,後門:2441公尺,側門:2394公尺","25.021269,121.527214"
台北市中正區羅斯福路一段25號,"正門:1240公尺,後門:1306公尺,側門:1343公尺","25.0328693,121.5184728"
臺北市中正區羅斯福路三段286巷18號,"正門:2981公尺,後門:3125公尺,側門:3059公尺","25.015861,121.53236"
臺北市中正區沅陵街2號,"正門:1315公尺,後門:1232公尺,側門:1361公尺","25.0429128,121.5126224"
臺北市中正區林森南路61巷10之1號,"正門:426公尺,後門:460公尺,側門:521公尺","25.03974,121.522162"
臺北市中正區羅斯福路三段316巷7之1號,"正門:2998公尺,後門:3141公尺,側門:3076公尺","25.0156779,121.532234"
臺北市中正區汀州路三段227號,"正門:3216公尺,後門:3362公尺,側門:3292公尺","25.014041,121.533943"
臺北市中正區汀州路三段293號2F,"正門:3481公尺,後門:3628公尺,側門:3555公尺","25.0120322,121.5357408"
臺北市中正區南昌路二段156號,"正門:1914公尺,後門:2035公尺,側門:2011公尺","25.0248636,121.5233109"
臺北市中正區北平西路3號2樓,"正門:1084公尺,後門:946公尺,側門:1075公尺","25.0477467,121.5169983"
台北市中正區羅斯福路四段92號2樓,"正門:3303公尺,後門:3449公尺,側門:3376公尺","25.0134943,121.5349543"
臺北市中正區金山南路一段120號,"正門:781公尺,後門:925公尺,側門:862公尺","25.0350682,121.5272252"
臺北市中正區寶慶路32號1樓,"正門:1680公尺,後門:1611公尺,側門:1735公尺","25.0414776,121.5089709"
臺北市中正區重慶南路三段67號,"正門:1945公尺,後門:2024公尺,側門:2049公尺","25.0266351,121.5162986"
臺北市中正區濟南路二段4之1號,"正門:511公尺,後門:630公尺,側門:498公尺","25.0406824,121.5304936"
臺北市中正區青島東路21之9號,"正門:225公尺,後門:81公尺,側門:214公尺","25.04344,121.5241354"
臺北市中正區連雲街74之3號,"正門:957公尺,後門:1108公尺,側門:1019公尺","25.03428,121.5299504"
臺北市大安區信義路二段198巷4號,"正門:1072公尺,後門:1223公尺,側門:1136公尺","25.0332323,121.5301891"
臺北市大安區安和路二段35巷3號1樓,"正門:2972公尺,後門:3095公尺,側門:2961公尺","25.0318376,121.5528962"
臺北市中正區汀州路三段131號,"正門:2902公尺,後門:3044公尺,側門:2984公尺","25.0162735,121.5307397"
臺北市中正區北平西路3號2樓,"正門:1084公尺,後門:946公尺,側門:1075公尺","25.0477467,121.5169983"
臺北市中正區同安街28巷2號,"正門:1968公尺,後門:2082公尺,側門:2068公尺","25.0245886,121.5218215"
臺北市中正區忠孝東路一段12號2樓,"正門:436公尺,後門:293公尺,側門:423公尺","25.0445802,121.5224401"
台北市中正區南陽街8號,"正門:1037公尺,後門:922公尺,側門:1057公尺","25.0452276,121.5160061"
臺北市中正區武昌街一段16巷11號,"正門:1306公尺,後門:1219公尺,側門:1349公尺","25.0432544,121.5127563"
臺北市中正區寧波西街78號,"正門:1633公尺,後門:1699公尺,側門:1737公尺","25.029929,121.5163044"
臺北市中正區中華路一段41號,"正門:1659公尺,後門:1560公尺,側門:1693公尺","25.0449144,121.5095061"
臺北市中正區信陽街12號,"正門:1021公尺,後門:915公尺,側門:1049公尺","25.0445076,121.5159012"
臺北市中正區信義路二段81號,"正門:810公尺,後門:951公尺,側門:896公尺","25.0347273,121.5267743"
台北市中正區八德路ㄧ段ㄧ號華山園區中四b館,"正門:4081公尺,後門:4132公尺,側門:4013公尺","25.0500353,121.5650865"
臺北市中正區羅斯福路三段284巷13號1樓,"正門:2932公尺,後門:3075公尺,側門:3012公尺","25.0161696,121.5316787"
臺北市中正區中華路一段21巷14號,"正門:1606公尺,後門:1494公尺,側門:1629公尺","25.0464355,121.510492"
臺北市中正區南昌路二段207之1號1樓,"正門:1889公尺,後門:2010公尺,側門:1986公尺","25.025076,121.523427"
臺北市中正區羅斯福路三段284巷5號,"正門:2931公尺,後門:3074公尺,側門:3010公尺","25.0162129,121.531834"
臺北市中正區南陽街21之5號1樓,"正門:979公尺,後門:881公尺,側門:1014公尺","25.0438374,121.5161413"
臺北市中正區汀州路二段293號1樓,"正門:2227公尺,後門:2354公尺,側門:2321公尺","25.0219484,121.5245426"
臺北市中正區忠孝東路二段64巷6號,"正門:322公尺,後門:378公尺,側門:251公尺","25.04299,121.5285899"
臺北市中正區開封街一段19號,"正門:1287公尺,後門:1170公尺,側門:1305公尺","25.046166,121.513746"
臺北市中正區貴陽街一段東吳大學及清華幼兒園旁,"正門:6190公尺,後門:6094公尺,側門:6087公尺","25.0945636,121.5454248"
臺北市中正區羅斯福路四段24巷12弄3號,"正門:3089公尺,後門:3234公尺,側門:3167公尺","25.0149453,121.532779"
臺北市中正區新生南路一段160巷11號1樓,"正門:973公尺,後門:1124公尺,側門:1025公尺","25.0346775,121.5310038"
臺北市中正區忠孝西路一段49號,"正門:926公尺,後門:793公尺,側門:926公尺","25.0463846,121.5178642"
臺北市中正區延平南路95號,"正門:1500公尺,後門:1419公尺,側門:1548公尺","25.0427979,121.5107754"
臺北市中正區中山南路21之1號,"正門:842公尺,後門:882公尺,側門:941公尺","25.0368934,121.5193872"
臺北市中正區新生南路一段52之3號2樓,"正門:701公尺,後門:800公尺,側門:666公尺","25.0413868,121.5325457"
臺北市中正區新生南路一段54巷22號,"正門:617公尺,後門:723公尺,側門:588公尺","25.0411396,121.5316772"
臺北市中正區羅斯福路三段244巷21號,"正門:2856公尺,後門:2997公尺,側門:2938公尺","25.0166544,121.5304567"
臺北市中正區羅斯福路三段244巷9弄7號,"正門:2803公尺,後門:2945公尺,側門:2885公尺","25.017131,121.5304439"
臺北市中正區汀州路二段46號,"正門:2016公尺,後門:2108公尺,側門:2120公尺","25.0252446,121.5178495"
臺北市中正區中華路二段1號,"正門:1995公尺,後門:1965公尺,側門:2072公尺","25.0363705,121.5068203"
台北市羅斯福路四段92號,"正門:3300公尺,後門:3447公尺,側門:3374公尺","25.0135188,121.534971"
臺北市中正區忠孝西路一段70號,"正門:1272公尺,後門:1148公尺,側門:1282公尺","25.0468763,121.5142514"
臺北市中正區延平南路101巷4號,"正門:1482公尺,後門:1403公尺,側門:1531公尺","25.0425053,121.5109401"
臺北市中正區忠孝東路一段140號,"正門:237公尺,後門:127公尺,側門:158公尺","25.0440575,121.5255089"
臺北市中正區八德路一段1號,"正門:400公尺,後門:450公尺,側門:326公尺","25.0432788,121.5293005"
臺北市中正區市民大道三段2號B2,"正門:682公尺,後門:688公尺,側門:589公尺","25.0454815,121.5311273"
臺北市中正區延平南路216巷2號,"正門:2022公尺,後門:2008公尺,側門:2106公尺","25.0345477,121.5073064"
臺北市中正區青島東路七號之三,"正門:323公尺,後門:193公尺,側門:328公尺","25.0436223,121.5230182"
臺北市中正區重慶南路三段2號1樓,"正門:1734公尺,後門:1794公尺,側門:1837公尺","25.0295813,121.5151425"
臺北市中正區汀州路三段227號,"正門:3216公尺,後門:3362公尺,側門:3292公尺","25.014041,121.533943"
臺北市中正區寧波西街88之1號,"正門:1678公尺,後門:1741公尺,側門:1782公尺","25.0298029,121.5157334"
臺北市中正區忠孝東路二段80號,"正門:367公尺,後門:422公尺,側門:296公尺","25.0431035,121.5290257"
臺北市中正區濟南路二段63號,"正門:671公尺,後門:787公尺,側門:654公尺","25.0403545,121.5320407"
台北市中正區八德路一段82巷9弄8號2樓,"正門:659公尺,後門:716公尺,側門:591公尺","25.0435024,121.5319214"
臺北市中正區牯嶺街65號,"正門:1660公尺,後門:1738公尺,側門:1765公尺","25.0290245,121.5173675"
臺北市中正區汀州路三段259號,"正門:3419公尺,後門:3565公尺,側門:3492公尺","25.0125371,121.5354398"
臺北市中正區汀州路三段150號,"正門:3263公尺,後門:3408公尺,側門:3338公尺","25.0136452,121.5340986"
臺北市大安區杭州南路二段55號,"正門:1081公尺,後門:1190公尺,側門:1183公尺","25.0325548,121.522821"
臺北市中正區臨沂街3巷19號,"正門:637公尺,後門:698公尺,側門:572公尺","25.0433164,121.5317523"
臺北市中正區南陽街3之1號,"正門:981公尺,後門:881公尺,側門:1014公尺","25.0439648,121.5161532"
臺北市中正區重慶南路一段36號,"正門:1308公尺,後門:1203公尺,側門:1337公尺","25.0449267,121.5130824"
臺北市中正區懷寧街35號,"正門:1193公尺,後門:1087公尺,側門:1221公尺","25.044897,121.514252"
臺北市中正區開封街一段49號,"正門:1225公尺,後門:1110公尺,側門:1244公尺","25.0458029,121.514252"
臺北市中正區中華路二段309巷20號,"正門:2453公尺,後門:2471公尺,側門:2548公尺","25.0289267,121.5059821"
臺北市中正區南昌路一段76號,"正門:1480公尺,後門:1547公尺,側門:1584公尺","25.0310139,121.517242"
台北市中正區開封街一段2-32號,"正門:1208公尺,後門:1092公尺,側門:1226公尺","25.0458568,121.5144549"
台北市八德路一段1號,"正門:400公尺,後門:450公尺,側門:326公尺","25.0432788,121.5293005"
臺北市中正區中華路二段309巷8之1號,"正門:2492公尺,後門:2510公尺,側門:2587公尺","25.0285788,121.5057895"
臺北市中正區中華路二段309巷19號,"正門:2456公尺,後門:2473公尺,側門:2551公尺","25.0289228,121.50595"
台北市中正區漢口街一段15號1樓,"正門:1188公尺,後門:1077公尺,側門:1211公尺","25.0452935,121.514443"
臺北市中正區秀山街4號,"正門:1634公尺,後門:1555公尺,側門:1683公尺","25.0425228,121.5094326"
臺北市中正區中華路二段311巷8號,"正門:2492公尺,後門:2512公尺,側門:2588公尺","25.0283346,121.5059932"
臺北市中正區羅斯福路三段316巷9弄2號,"正門:2999公尺,後門:3143公尺,側門:3078公尺","25.015618,121.532022"
臺北市中正區懷寧街100號1樓,"正門:1177公尺,後門:1104公尺,側門:1230公尺","25.0420555,121.5139497"
臺北市中正區羅斯福路四段4號,"正門:2985公尺,後門:3130公尺,側門:3063公尺","25.0159129,121.532802"
臺北市中正區延平南路21號,"正門:1557公尺,後門:1449公尺,側門:1584公尺","25.045725,121.510765"
臺北市中正區和平西路一段50號,"正門:1823公尺,後門:1923公尺,側門:1926公尺","25.0264266,121.5198047"
臺北市中正區羅斯福路四段90巷2號,"正門:3258公尺,後門:3405公尺,側門:3333公尺","25.01384,121.534705"
臺北市中正區忠孝西路一段38號B1,"正門:1045公尺,後門:919公尺,側門:1053公尺","25.0462341,121.5164145"
臺北市中正區青島東路5之1號,"正門:421公尺,後門:294公尺,側門:429公尺","25.0439342,121.522077"
臺北市中正區信陽街26之11號,"正門:1061公尺,後門:957公尺,側門:1090公尺","25.0444759,121.5154778"
台北市中正區中華路二段307巷42號,"正門:2393公尺,後門:2409公尺,側門:2487公尺","25.0293869,121.5063566"
臺北市中正區汀州路三段107號之一,"正門:2814公尺,後門:2954公尺,側門:2898公尺","25.0169379,121.529826"
臺北市中正區銅山街三巷二號一樓,"正門:157公尺,後門:308公尺,側門:231公尺","25.0406851,121.526354"
臺北市中正區羅斯福路三段84巷2號,"正門:2244公尺,後門:2377公尺,側門:2335公尺","25.0217791,121.5262657"
台北市廣州街8巷7號,"正門:1926公尺,後門:1912公尺,側門:2010公尺","25.0348954,121.5081787"
臺北市中正區懷寧街88號,"正門:1182公尺,後門:1099公尺,側門:1228公尺","25.042868,121.513946"
臺北市中正區羅斯福路三段90號,"正門:2242公尺,後門:2375公尺,側門:2331公尺","25.0218101,121.5265848"
臺北市中正區八德路一段82巷9弄7號,"正門:628公尺,後門:681公尺,側門:558公尺","25.0436065,121.531568"
臺北市中正區長沙街一段20號,"正門:1716公尺,後門:1658公尺,側門:1778公尺","25.0402858,121.508698"
臺北市中正區南陽街13號,"正門:992公尺,後門:879公尺,側門:1014公尺","25.044983,121.5163747"
臺北市中正區師大路165號,"正門:2376公尺,後門:2511公尺,側門:2464公尺","25.0206485,121.5273612"
臺北市中正區館前路8號2樓,"正門:1177公尺,後門:1060公尺,側門:1194公尺","25.0458475,121.5147831"
臺北市中正區八德路一段1號,"正門:400公尺,後門:450公尺,側門:326公尺","25.0432788,121.5293005"
臺北市中正區南昌路一段60號,"正門:1466公尺,後門:1530公尺,側門:1569公尺","25.0313221,121.5170113"
臺北市中正區忠孝東路一段12號,"正門:436公尺,後門:293公尺,側門:423公尺","25.0445802,121.5224401"
臺北市萬華區中華路二段309巷底,"正門:2438公尺,後門:2456公尺,側門:2533公尺","25.0289658,121.5061325"
臺北市中正區衡陽路84巷3號,"正門:1491公尺,後門:1419公尺,側門:1545公尺","25.0419279,121.5108315"
臺北市中正區同安街107號,"正門:2325公尺,後門:2436公尺,側門:2425公尺","25.0215357,121.5206629"
臺北市中正區水源路27巷19號,"正門:2711公尺,後門:2840公尺,側門:2804公尺","25.0175769,121.525246"
台北市中正區汀州路三段158-1號,"正門:3284公尺,後門:3430公尺,側門:3360公尺","25.0134783,121.5342352"
臺北市中正區寶慶路61號,"正門:1637公尺,後門:1565公尺,側門:1691公尺","25.0418582,121.5093863"
臺北市中正區臨沂街27巷9之3號,"正門:589公尺,後門:693公尺,側門:558公尺","25.041292,121.531416"
臺北市中正區北平西路3號,"正門:1137公尺,後門:1004公尺,側門:1136公尺","25.0473199,121.5160463"
臺北市中正區羅斯福路四段52巷16弄4號,"正門:3167公尺,後門:3312公尺,側門:3243公尺","25.0144253,121.5336442"
台北市中正區紹興南街4-3號,"正門:210公尺,後門:62公尺,側門:170公尺","25.0436421,121.5247513"
台北市中正區羅斯福路四段132號2F,"正門:3382公尺,後門:3529公尺,側門:3454公尺","25.0129836,121.5357926"
臺北市中正區重慶南路一段7號,"正門:1326公尺,後門:1208公尺,側門:1342公尺","25.0463983,121.5134361"
台北市中正區信義路二段171號1樓,"正門:948公尺,後門:1097公尺,側門:1017公尺","25.034033,121.52913"
臺北市中正區武昌街一段31號,"正門:1391公尺,後門:1294公尺,側門:1427公尺","25.044234,121.512068"
臺北市中正區懷寧街42號,"正門:1211公尺,後門:1105公尺,側門:1239公尺","25.0448459,121.514052"
臺北市中正區八德路一段82巷9弄15號,"正門:610公尺,後門:663公尺,側門:539公尺","25.0435853,121.5313891"
臺北市中正區新生南路一段56巷8號,"正門:673公尺,後門:778公尺,側門:643公尺","25.0410679,121.5322209"
臺北市中正區南陽街17巷2號,"正門:960公尺,後門:858公尺,側門:991公尺","25.0441137,121.516411"
臺北市中正區杭州南路一段143巷36號,"正門:725公尺,後門:869公尺,側門:808公尺","25.035544,121.52704"
臺北市中正區信義路二段81號,"正門:810公尺,後門:951公尺,側門:896公尺","25.0347273,121.5267743"
臺北市中正區衡陽路9號,"正門:1203公尺,後門:1125公尺,側門:1252公尺","25.0424622,121.5137092"
臺北市中正區八德路一段82巷9弄8號,"正門:659公尺,後門:716公尺,側門:591公尺","25.0435024,121.5319214"
臺北市中正區濟南路二段48巷7之1號,"正門:599公尺,後門:727公尺,側門:598公尺","25.039804,121.531075"
臺北市中正區重慶南路一段46巷1號,"正門:1324公尺,後門:1224公尺,側門:1357公尺","25.0445456,121.512809"
臺北市中正區金山南路一段142巷5號,"正門:810公尺,後門:952公尺,側門:892公尺","25.0347819,121.527097"
臺北市中正區羅斯福路三段18號,"正門:2085公尺,後門:2214公尺,側門:2179公尺","25.0232022,121.5250787"
臺北市中正區博愛路160巷8號,"正門:1485公尺,後門:1413公尺,側門:1539公尺","25.0417784,121.5109004"
臺北市中正區羅斯福路三段284巷2號,"正門:2949公尺,後門:3092公尺,側門:3028公尺","25.016063,121.531908"
臺北市中正區林森南路37之1號,"正門:352公尺,後門:359公尺,側門:438公尺","25.0407657,121.5223709"
臺北市中正區青島東路7之8號,"正門:415公尺,後門:280公尺,側門:413公尺","25.0441893,121.5223436"
臺北市中正區信陽街17號,"正門:1031公尺,後門:922公尺,側門:1056公尺","25.0447962,121.5158946"
臺北市中正區羅斯福路三段316巷3號,"正門:3000公尺,後門:3144公尺,側門:3078公尺","25.0157225,121.5325589"
臺北市中正區博愛路102號,"正門:1454公尺,後門:1361公尺,側門:1493公尺","25.0439073,121.5113735"
臺北市中正區武昌街一段16巷13號,"正門:1320公尺,後門:1234公尺,側門:1364公尺","25.0432336,121.5126064"
臺北市中正區林森南路61巷3號,"正門:400公尺,後門:437公尺,側門:496公尺","25.0398555,121.5223845"
臺北市中正區武昌街一段7號,"正門:1327公尺,後門:1230公尺,側門:1362公尺","25.0441941,121.5127048"
臺北市中正區南海路41號5樓,"正門:1753公尺,後門:1782公尺,側門:1851公尺","25.031779,121.512333"
臺北市中正區中山南路21之1號,"正門:842公尺,後門:882公尺,側門:941公尺","25.0368934,121.5193872"
臺北市中正區信義路二段199號,"正門:985公尺,後門:1135公尺,側門:1049公尺","25.0339458,121.5298267"
臺北市中正區杭州南路二段55號,"正門:1081公尺,後門:1190公尺,側門:1183公尺","25.0325548,121.522821"
臺北市中正區同安街20號,"正門:1906公尺,後門:2022公尺,側門:2005公尺","25.0250649,121.522357"
臺北市中正區南昌路一段59巷23號,"正門:1395公尺,後門:1466公尺,側門:1499公尺","25.031467,121.518007"
臺北市中正區中山北路一段42號,"正門:805公尺,後門:659公尺,側門:783公尺","25.0470347,121.5199678"
臺北市中正區中華路二段309巷19之1號,"正門:2456公尺,後門:2473公尺,側門:2551公尺","25.0289228,121.50595"
臺北市中正區博愛路122號B1樓,"正門:1443公尺,後門:1356公尺,側門:1487公尺","25.043361,121.511395"
臺北市中正區中山南路20號B1,"正門:1018公尺,後門:1021公尺,側門:1107公尺","25.0375913,121.516737"
臺北市中正區忠孝西路一段38號2樓,"正門:1045公尺,後門:919公尺,側門:1053公尺","25.0462341,121.5164145"
臺北市中正區忠孝東路一段108號2樓,"正門:234公尺,後門:90公尺,側門:183公尺","25.043898,121.524815"
臺北市中正區八德路一段1號,"正門:400公尺,後門:450公尺,側門:326公尺","25.0432788,121.5293005"
臺北市中正區羅斯福路四段92號水源市場15號攤,"正門:3280公尺,後門:3427公尺,側門:3354公尺","25.01371,121.534983"
臺北市中正區衡陽路2號,"正門:1178公尺,後門:1103公尺,側門:1230公尺","25.04224,121.513941"
臺北市中正區忠孝西路一段38號,"正門:1052公尺,後門:928公尺,側門:1062公尺","25.0460991,121.5162582"
臺北市中正區晉江街115號,"正門:2093公尺,後門:2219公尺,側門:2188公尺","25.0231555,121.5244412"
臺北市中正區羅斯福路三段286巷18號,"正門:2981公尺,後門:3125公尺,側門:3059公尺","25.015861,121.53236"
台北市中正區忠孝西路一段47號B1,"正門:970公尺,後門:838公尺,側門:971公尺","25.0465183,121.5174415"
臺北市中正區信義路一段9之1號,"正門:672公尺,後門:757公尺,側門:776公尺","25.0366686,121.5223564"
臺北市中正區衡陽路60號,"正門:1384公尺,後門:1309公尺,側門:1436公尺","25.0421609,121.511897"
臺北市中正區羅斯福路三段286巷4弄10號,"正門:2969公尺,後門:3112公尺,側門:3048公尺","25.01589,121.531974"
臺北市中正區羅斯福路三段282號2樓,"正門:2906公尺,後門:3049公尺,側門:2984公尺","25.0164986,121.5321045"
臺北市中正區八德路一段82巷1號,"正門:658公尺,後門:708公尺,側門:586公尺","25.0437869,121.5318143"
臺北市中正區新生南路一段60號,"正門:710公尺,後門:819公尺,側門:685公尺","25.040714,121.5325287"
台北市中正區八德路一段43巷28號,"正門:671公尺,後門:697公尺,側門:587公尺","25.0447254,121.5315147"
臺北市中正區重慶南路二段19巷2號,"正門:1543公尺,後門:1581公尺,側門:1643公尺","25.0324332,121.5144719"
台北市北平西路3號2樓,"正門:1084公尺,後門:946公尺,側門:1075公尺","25.0477467,121.5169983"
臺北市中正區重慶南路一段13號,"正門:1315公尺,後門:1199公尺,側門:1334公尺","25.0461274,121.5134327"
臺北市中正區中華路二段307巷20號,"正門:2454公尺,後門:2470公尺,側門:2548公尺","25.0290439,121.5058841"
臺北市中正區金華街47號,"正門:1237公尺,後門:1324公尺,側門:1341公尺","25.0319459,121.5202463"
臺北市中正區信義路二段171號3樓,"正門:948公尺,後門:1097公尺,側門:1017公尺","25.034033,121.52913"
臺北市中正區南海路2巷14號,"正門:1353公尺,後門:1422公尺,側門:1457公尺","25.031917,121.5180091"
臺北市中正區汀州路三段77號,"正門:2691公尺,後門:2829公尺,側門:2777公尺","25.0179176,121.5287151"
台北市中正區中華路二段311巷18-1號,"正門:2456公尺,後門:2476公尺,側門:2552公尺","25.0285775,121.5062369"
臺北市中正區羅斯福路四段136巷3號,"正門:3387公尺,後門:3534公尺,側門:3461公尺","25.0127831,121.5352608"
臺北市中正區南昌路二段207之1號,"正門:1889公尺,後門:2010公尺,側門:1986公尺","25.025076,121.523427"
臺北市中正區羅斯福路三段284巷8號1樓北側,"正門:2955公尺,後門:3098公尺,側門:3034公尺","25.0159869,121.5318321"
臺北市中正區寧波西街59號,"正門:1502公尺,後門:1572公尺,側門:1606公尺","25.030699,121.517367"
臺北市中正區汀州路三段289號,"正門:3471公尺,後門:3618公尺,側門:3544公尺","25.012112,121.5356806"
臺北市中正區延平南路80號,"正門:1593公尺,後門:1495公尺,側門:1628公尺","25.0446855,121.510119"
臺北市中正區衡陽路74號,"正門:1452公尺,後門:1377公尺,側門:1503公尺","25.042177,121.5112271"
臺北市中正區忠孝西路一段122號,"正門:1601公尺,後門:1482公尺,側門:1616公尺","25.0473878,121.5109371"
臺北市中正區武昌街一段23號,"正門:1371公尺,後門:1274公尺,側門:1407公尺","25.0442012,121.5122632"
臺北市中正區汀州路三段275號,"正門:3430公尺,後門:3577公尺,側門:3504公尺","25.0124459,121.5355099"
臺北市中正區懷寧街39號,"正門:1192公尺,後門:1086公尺,側門:1220公尺","25.044798,121.5142375"
臺北市中正區忠孝西路一段49號,"正門:926公尺,後門:793公尺,側門:926公尺","25.0463846,121.5178642"
臺北市中正區金山南路一段31號,"正門:422公尺,後門:561公尺,側門:439公尺","25.0399486,121.5291839"
臺北市中正區延平南路90號,"正門:1587公尺,後門:1491公尺,側門:1623公尺","25.0444326,121.5101315"
臺北市中正區重慶南路一段5巷1號,"正門:1325公尺,後門:1205公尺,側門:1339公尺","25.0466954,121.5135773"
臺北市中正區詔安街38巷2弄5號,"正門:2263公尺,後門:2340公尺,側門:2367公尺","25.0242462,121.5145617"
臺北市中正區杭州南路一段10之1號,"正門:135公尺,後門:159公尺,側門:34公尺","25.0429139,121.526406"
臺北市中正區博愛路8號,"正門:1553公尺,後門:1438公尺,側門:1572公尺","25.0467299,121.5111623"
臺北市中正區信義路二段161巷2弄7號,"正門:875公尺,後門:1022公尺,側門:949公尺","25.034462,121.528312"
臺北市中正區市民大道三段2號4樓,"正門:683公尺,後門:689公尺,側門:591公尺","25.0454858,121.53114"
臺北市中正區中華路一段41號5樓,"正門:1654公尺,後門:1554公尺,側門:1687公尺","25.0450456,121.5095859"
臺北市中正區襄陽路25號,"正門:1145公尺,後門:1052公尺,側門:1183公尺","25.0436693,121.5144292"
台北市中正區南昌路一段139號,"正門:1545公尺,後門:1628公尺,側門:1649公尺","25.0296015,121.5185898"
臺北市中正區杭州南路一段5號,"正門:220公尺,後門:210公尺,側門:116公尺","25.0435496,121.5268638"
臺北市中正區金山南路一段134號,"正門:818公尺,後門:962公尺,側門:900公尺","25.0347251,121.5272154"
台北市中正區臨沂街31-1號,"正門:485公尺,後門:618公尺,側門:492公尺","25.0399749,121.5299172"
臺北市中正區中華路二段309巷27號,"正門:2415公尺,後門:2431公尺,側門:2509公尺","25.0292424,121.5062003"
臺北市中正區衡陽路84巷7號,"正門:1475公尺,後門:1404公尺,側門:1529公尺","25.0417748,121.5109968"
臺北市中正區牯嶺街75號,"正門:1710公尺,後門:1793公尺,側門:1814公尺","25.0282561,121.5179014"
臺北市中正區汀州路一段224號,"正門:2256公尺,後門:2297公尺,側門:2357公尺","25.0275678,121.5098329"
臺北市中正區汀州路一段292號,"正門:2210公尺,後門:2263公尺,側門:2313公尺","25.0267078,121.5115532"
臺北市中正區汀州路二段146號,"正門:2008公尺,後門:2119公尺,側門:2109公尺","25.0243555,121.521118"
臺北市中正區開封街一段2之50號,"正門:1219公尺,後門:1103公尺,側門:1237公尺","25.0459201,121.514362"
臺北市中正區寧波西街24號1樓,"正門:1415公尺,後門:1490公尺,側門:1519公尺","25.0310734,121.5183285"
臺北市中正區汀州路三段257號,"正門:3364公尺,後門:3510公尺,側門:3438公尺","25.0129791,121.5351811"
臺北市中正區同安街51號,"正門:1987公尺,後門:2102公尺,側門:2086公尺","25.024377,121.5220467"
臺北市中正區同安街83之1號,"正門:2153公尺,後門:2265公尺,側門:2253公尺","25.0230348,121.5210809"
臺北市中正區汀州路二段152號,"正門:2023公尺,後門:2135公尺,側門:2123公尺","25.0241658,121.5213816"
臺北市中正區杭州南路一段8之2號,"正門:687公尺,後門:810公尺,側門:785公尺","25.0358187,121.5247069"
臺北市中正區徐州路2號,"正門:512公尺,後門:487公尺,側門:588公尺","25.0408601,121.5206807"
臺北市大安區復興南路二段200號,"正門:2450公尺,後門:2596公尺,側門:2478公尺","25.0267664,121.5432235"
台北市中正區南昌路1段51巷5號,"正門:1554公尺,後門:1639公尺,側門:1659公尺","25.029461,121.5186832"
臺北市中正區中華路二段311巷,"正門:2444公尺,後門:2463公尺,側門:2539公尺","25.0287032,121.5062855"
臺北市中正區濟南路一段13巷,"正門:354公尺,後門:266公尺,側門:392公尺","25.0427639,121.522231"
臺北市中正區寧波西街7號,"正門:1810公尺,後門:1865公尺,側門:1913公尺","25.0294382,121.5141267"
台北市中正區寧波西街4之1號,"正門:1362公尺,後門:1440公尺,側門:1466公尺","25.03137,121.5187969"
臺北市中正區寶慶路67號,"正門:1655公尺,後門:1582公尺,側門:1708公尺","25.0419078,121.5092134"
臺北市松山區饒河街142號,"正門:5107公尺,後門:5163公尺,側門:5041公尺","25.0503221,121.5754048"
臺北市大安區汀州路三段255號,"正門:3361公尺,後門:3507公尺,側門:3435公尺","25.0129949,121.5351373"
臺北市中正區廣州街6號,"正門:1826公尺,後門:1814公尺,側門:1911公尺","25.0351764,121.5091203"
臺北市中正區金門街15號,"正門:2263公尺,後門:2386公尺,側門:2359公尺","25.0216993,121.523399"
台北市中正區汀州路三段160巷4號,"正門:3299公尺,後門:3444公尺,側門:3375公尺","25.013297,121.5340601"
臺北市中正區中華路二段309巷26號,"正門:2416公尺,後門:2434公尺,側門:2511公尺","25.0291351,121.506267"
臺北市中正區中華路二段307巷5號,"正門:2496公尺,後門:2511公尺,側門:2590公尺","25.0289849,121.5054115"
臺北市中正區羅斯福路一段7之1號,"正門:1213公尺,後門:1272公尺,側門:1316公尺","25.0334845,121.5180145"
臺北市中正區延平南路179巷1弄1號,"正門:1998公尺,後門:1988公尺,側門:2083公尺","25.0342456,121.5077218"
臺北市中正區寧波東街1之1號,"正門:1284公尺,後門:1364公尺,側門:1388公尺","25.0318808,121.5193721"
臺北市中正區連雲街74號,"正門:957公尺,後門:1108公尺,側門:1019公尺","25.03428,121.5299504"
臺北市中正區寧波西街63巷,"正門:1509公尺,後門:1578公尺,側門:1613公尺","25.0307354,121.5171762"
臺北市中正區惠安街15之2號,"正門:2349公尺,後門:2365公尺,側門:2444公尺","25.0296829,121.5066485"
臺北市中正區羅斯福路一段12號,"正門:1318公尺,後門:1391公尺,側門:1422公尺","25.0319525,121.5185824"
臺北市中正區羅斯福路二段50號,"正門:1624公尺,後門:1733公尺,側門:1725公尺","25.0278068,121.5215876"
臺北市中正區汀州路三段165號一樓,"正門:3040公尺,後門:3184公尺,側門:3119公尺","25.0152949,121.532295"
臺北市中正區北平東路30號,"正門:418公尺,後門:306公尺,側門:327公尺","25.0456746,121.52586"
臺北市中正區延平南路3之2號1樓,"正門:1563公尺,後門:1450公尺,側門:1584公尺","25.0465068,121.5109698"
台北市中正區南昌路一段59巷5號,"正門:1428公尺,後門:1497公尺,側門:1532公尺","25.031293,121.517713"
臺北市中正區羅斯福路二段56號,"正門:1628公尺,後門:1737公尺,側門:1729公尺","25.027762,121.5216211"
臺北市中正區牯嶺街1號,"正門:1528公尺,後門:1574公尺,側門:1629公尺","25.0320093,121.5151443"
台北市博愛路224巷5號,"正門:1806公尺,後門:1807公尺,側門:1895公尺","25.0340017,121.5099968"
臺北市中正區衡陽路35號,"正門:1313公尺,後門:1235公尺,側門:1363公尺","25.0424211,121.5126148"
臺北市中正區羅斯福路四段24巷11號,"正門:3061公尺,後門:3205公尺,側門:3139公尺","25.0151712,121.5326126"
臺北市中正區羅斯福路四段136巷3號,"正門:3387公尺,後門:3534公尺,側門:3461公尺","25.0127831,121.5352608"
臺北市中正區北平西路3號臺北車站2F,"正門:1097公尺,後門:957公尺,側門:1085公尺","25.0480075,121.5170613"
臺北市中正區寧波西街77號,"正門:1554公尺,後門:1620公尺,側門:1657公尺","25.0304795,121.516815"
臺北市中正區羅斯福路一段72巷2號,"正門:1412公尺,後門:1497公尺,側門:1516公尺","25.0305955,121.5193432"
臺北市中正區漢口街一段80巷12號,"正門:1395公尺,後門:1295公尺,側門:1428公尺","25.0445813,121.5121042"
臺北市中正區汀州路三段247號,"正門:3250公尺,後門:3396公尺,側門:3325公尺","25.0138045,121.5342625"
臺北市中正區鎮江街7號,"正門:473公尺,後門:362公尺,側門:495公尺","25.0435693,121.5212947"
臺北市中正區重慶南路二段92號,"正門:1705公尺,後門:1762公尺,側門:1808公尺","25.0300052,121.5150063"
臺北市中正區中華路二段75巷21號,"正門:2075公尺,後門:2066公尺,側門:2161公尺","25.0337611,121.5071268"
臺北市中正區中華路二段315巷89號,"正門:2446公尺,後門:2470公尺,側門:2543公尺","25.0282821,121.5066088"
臺北市中正區羅斯福路一段58巷28號,"正門:1471公尺,後門:1551公尺,側門:1576公尺","25.030407,121.5184751"
台北市中正區中華路一段3號2F,"正門:1630公尺,後門:1514公尺,側門:1648公尺","25.0471477,121.5105138"
臺北市中正區南昌路一段136號,"正門:1610公尺,後門:1694公尺,側門:1714公尺","25.0290149,121.5184463"
臺北市中正區羅斯福路四段68號2樓,"正門:3168公尺,後門:3314公尺,側門:3243公尺","25.0145683,121.5342721"
臺北市中正區八德路一段1號,"正門:400公尺,後門:450公尺,側門:326公尺","25.0432788,121.5293005"
臺北市中正區南昌路一段108巷1號,"正門:1548公尺,後門:1621公尺,側門:1652公尺","25.0301389,121.5174888"
臺北市中正區寶慶路32號6樓,"正門:1660公尺,後門:1588公尺,側門:1714公尺","25.04167,121.509168"
臺北市中正區牯嶺街5巷1號,"正門:1534公尺,後門:1583公尺,側門:1636公尺","25.0317418,121.5153781"
臺北市大安區羅斯福路三段316巷8弄內,"正門:2995公尺,後門:3139公尺,側門:3073公尺","25.0157507,121.5324719"
臺北市中正區館前路18號,"正門:1159公尺,後門:1046公尺,側門:1180公尺","25.045466,121.5148084"
臺北市中正區濟南路二段71號,"正門:710公尺,後門:824公尺,側門:690公尺","25.0403684,121.5324404"
臺北市中正區羅斯福路四段78巷2弄2號,"正門:3243公尺,後門:3389公尺,側門:3317公尺","25.013933,121.534498"
臺北市中正區忠孝東路二段30號,"正門:278公尺,後門:301公尺,側門:187公尺","25.0434729,121.5277903"
臺北市中正區忠孝西路一段43號,"正門:882公尺,後門:747公尺,側門:879公尺","25.0463736,121.5183769"
臺北市中正區八德路一段一號,"正門:560公尺,後門:602公尺,側門:483公尺","25.0438521,121.5307491"
臺北市中正區汀州路二段207號,"正門:2054公尺,後門:2172公尺,側門:2153公尺","25.0236889,121.5225278"
臺北市中正區重慶南路一段129號2F,"正門:1240公尺,後門:1167公尺,側門:1293公尺","25.041988,121.513329"
臺北市中正區汀州路二段150號一樓,"正門:2021公尺,後門:2133公尺,側門:2122公尺","25.0241908,121.5213356"
臺北市中正區齊東街78號,"正門:196公尺,後門:313公尺,側門:184公尺","25.0417164,121.5275451"
臺北市中正區八德路一段82巷7號,"正門:655公尺,後門:707公尺,側門:584公尺","25.0436556,121.5318257"
臺北市中正區忠孝東路一段12號,"正門:436公尺,後門:293公尺,側門:423公尺","25.0445802,121.5224401"
臺北市中正區中華路二段301巷2號,"正門:2517公尺,後門:2527公尺,側門:2610公尺","25.0294549,121.5048038"
台北市羅斯福路四段70-1號,"正門:3195公尺,後門:3341公尺,側門:3270公尺","25.0143515,121.5343986"
臺北市中正區寧波東街14號,"正門:1186公尺,後門:1271公尺,側門:1291公尺","25.0324883,121.5201634"
臺北市中正區南昌路一段59巷15號,"正門:1412公尺,後門:1482公尺,側門:1516公尺","25.031377,121.517853"
臺北市中正區鎮江街7之1號,"正門:473公尺,後門:362公尺,側門:495公尺","25.0435693,121.5212947"
臺北市中正區南昌路一段59巷43號,"正門:1348公尺,後門:1421公尺,側門:1452公尺","25.0317239,121.5184349"
臺北市中正區南昌路一段59巷18號,"正門:1370公尺,後門:1440公尺,側門:1474公尺","25.031678,121.518112"
臺北市中正區忠孝東路一段152號,"正門:228公尺,後門:144公尺,側門:137公尺","25.0439638,121.5258925"
臺北市中正區重慶南路三段83號,"正門:2045公尺,後門:2130公尺,側門:2149公尺","25.0254469,121.5166779"
臺北市中正區民生東路二段93巷2號,"正門:1898公尺,後門:1800公尺,側門:1797公尺","25.0582813,121.5309597"
臺北市中正區南昌路一段31巷11之4號,"正門:1358公尺,後門:1420公尺,側門:1461公尺","25.032229,121.5174645"
臺北市中正區八德路一段82巷9弄9號1樓,"正門:621公尺,後門:674公尺,側門:551公尺","25.0436087,121.531497"
臺北市中正區中華路二段455號,"正門:2480公尺,後門:2532公尺,側門:2582公尺","25.0249053,121.5097653"
臺北市中正區八德路一段1號,"正門:400公尺,後門:450公尺,側門:326公尺","25.0432788,121.5293005"
臺北市中正區八德路一段40號,"正門:547公尺,後門:595公尺,側門:473公尺","25.043611,121.5307112"
臺北市中正區寧波西街88號,"正門:1678公尺,後門:1741公尺,側門:1782公尺","25.0298029,121.5157334"
臺北市中正區杭州南路一段109號,"正門:520公尺,後門:646公尺,側門:617公尺","25.0372908,121.5250406"
臺北市中正區中華路二段303巷16號,"正門:2465公尺,後門:2477公尺,側門:2559公尺","25.0295374,121.5053608"
臺北市中正區武昌街一段61號,"正門:1541公尺,後門:1447公尺,側門:1579公尺","25.0442378,121.5105524"
臺北市中正區羅斯福路四段108巷4之2號,"正門:3345公尺,後門:3491公尺,側門:3418公尺","25.013182,121.5352561"
臺北市中正區公園路28之2號,"正門:932公尺,後門:819公尺,側門:954公尺","25.044785,121.516934"
臺北市中正區中華路二段313巷和315巷之間,"正門:2435公尺,後門:2457公尺,側門:2531公尺","25.0285195,121.5065437"
臺北市中正區紹興南街4之2號,"正門:183公尺,後門:31公尺,側門:158公尺","25.0433429,121.5247006"
臺北市中正區福州街5號,"正門:1471公尺,後門:1565公尺,側門:1575公尺","25.0297368,121.52"
臺北市中正區愛國東路18號,"正門:1170公尺,後門:1217公尺,側門:1271公尺","25.0343444,121.5175966"
臺北市中正區羅斯福路三段286巷12號,"正門:2965公尺,後門:3109公尺,側門:3044公尺","25.0159912,121.5323101"
臺北市中正區紹興南街15號,"正門:381公尺,後門:471公尺,側門:485公尺","25.0389997,121.523664"
臺北市中正區桃源街5號,"正門:1516公尺,後門:1443公尺,側門:1569公尺","25.041906,121.510589"
臺北市中正區汀州路一段277號,"正門:2109公尺,後門:2174公尺,側門:2213公尺","25.0264063,121.513629"
臺北市中正區汀州路三段104巷6號,"正門:3197公尺,後門:3342公尺,側門:3275公尺","25.0140379,121.5331838"
臺北市中正區公園路20巷8號,"正門:970公尺,後門:854公尺,側門:989公尺","25.0451879,121.5166945"
臺北市中正區羅斯福路四段92號之20攤位,"正門:3300公尺,後門:3447公尺,側門:3374公尺","25.0135188,121.534971"
臺北市中正區林森南路61巷13號,"正門:378公尺,後門:428公尺,側門:477公尺","25.0397402,121.522754"
臺北市中正區八德路一段34號,"正門:510公尺,後門:556公尺,側門:435公尺","25.0435951,121.5303287"
臺北市中正區中華路二段311巷15號,"正門:2465公尺,後門:2484公尺,側門:2561公尺","25.0286737,121.5060377"
臺北市中正區信陽街11之2號,"正門:972公尺,後門:861公尺,側門:995公尺","25.0447769,121.5165099"
臺北市中正區羅斯福路四段12巷1號,"正門:3006公尺,後門:3151公尺,側門:3083公尺","25.0157653,121.5330065"
臺北市中正區汀州路三段164號,"正門:3301公尺,後門:3447公尺,側門:3376公尺","25.0133798,121.534466"
臺北市中正區羅斯福路三段286巷4弄1之1號,"正門:2967公尺,後門:3110公尺,側門:3046公尺","25.0159256,121.532056"
臺北市中正區信義路二段181巷3號,"正門:941公尺,後門:1091公尺,側門:1006公尺","25.0342531,121.5295291"
臺北市中正區杭州南路一段8號,"正門:166公尺,後門:166公尺,側門:62公尺","25.0432025,121.5264851"
臺北市中正區羅斯福路三段286巷4弄12號,"正門:2968公尺,後門:3111公尺,側門:3047公尺","25.0158905,121.5319308"
臺北市中正區忠孝西路一段39號,"正門:853公尺,後門:718公尺,側門:850公尺","25.0461867,121.5185898"
臺北市中正區仁愛路二段97之1號,"正門:767公尺,後門:903公尺,側門:776公尺","25.0384347,121.5321686"
台北市中正區忠孝西路一段47號,"正門:1169公尺,後門:1041公尺,側門:1174公尺","25.0469357,121.5154329"
臺北市中正區汀州路三段192號B1,"正門:3378公尺,後門:3524公尺,側門:3453公尺","25.0127395,121.5347821"
臺北市中正區延平南路110號B1,"正門:1628公尺,後門:1551公尺,側門:1679公尺","25.042344,121.5094814"
臺北市中正區承德路一段156號B3,"正門:1502公尺,後門:1351公尺,側門:1457公尺","25.053161,121.5173599"
臺北市中正區延平南路166號,"正門:1844公尺,後門:1809公尺,側門:1918公尺","25.0373945,121.5080404"
臺北市中正區羅斯福路一段61號,"正門:1305公尺,後門:1386公尺,側門:1409公尺","25.0316586,121.5193834"
臺北市中正區羅斯福路四段90巷6號,"正門:3277公尺,後門:3423公尺,側門:3352公尺","25.0136049,121.534468"
臺北市中正區羅斯福路四段40巷1之2號,"正門:3095公尺,後門:3240公尺,側門:3171公尺","25.0150419,121.5334076"
臺北市大安區金山南路二段141巷1號,"正門:1370公尺,後門:1508公尺,側門:1458公尺","25.0296678,121.5268296"
臺北市中正區汀州路三段150號,"正門:3263公尺,後門:3408公尺,側門:3338公尺","25.0136452,121.5340986"
臺北市中正區仁愛路二段48號,"正門:529公尺,後門:680公尺,側門:583公尺","25.0380127,121.5285957"
臺北市中正區延平南路98號,"正門:1541公尺,後門:1462公尺,側門:1590公尺","25.0425041,121.5103541"
臺北市杭州南路一段101號,"正門:474公尺,後門:604公尺,側門:571公尺","25.0376797,121.5252692"
臺北市中正區汀州路三段166號2樓,"正門:3309公尺,後門:3455公尺,側門:3384公尺","25.013327,121.534537"
臺北市中正區衡陽路90號1樓,"正門:1496公尺,後門:1421公尺,側門:1548公尺","25.042133,121.510791"
臺北市中正區師大路132號,"正門:2342公尺,後門:2477公尺,側門:2431公尺","25.0209335,121.5271419"
臺北市中正區紹興南街15號,"正門:381公尺,後門:471公尺,側門:485公尺","25.0389997,121.523664"
台北市中正區忠孝西路一段36號,"正門:986公尺,後門:860公尺,側門:994公尺","25.0460243,121.5169483"
臺北市中正區西藏路8號,"正門:2197公尺,後門:2211公尺,側門:2291公尺","25.0306673,121.5077355"
臺北市中正區牯嶺街117號,"正門:1981公尺,後門:2081公尺,側門:2084公尺","25.0251171,121.5191781"
臺北市中正區延平南路111號2樓,"正門:1618公尺,後門:1545公尺,側門:1671公尺","25.041816,121.509581"
臺北市中正區汀州路三段83號,"正門:2722公尺,後門:2860公尺,側門:2807公尺","25.0176507,121.5288006"
臺北市中正區廈門街23之2號,"正門:1879公尺,後門:1968公尺,側門:1983公尺","25.0265266,121.5180089"
臺北市中正區金門街1號,"正門:2108公尺,後門:2235公尺,側門:2201公尺","25.0230124,121.5247969"
臺北市中正區延平南路110號,"正門:1628公尺,後門:1551公尺,側門:1679公尺","25.042344,121.5094814"
臺北市中正區寧波西街87號,"正門:1668公尺,後門:1729公尺,側門:1771公尺","25.0299774,121.5156462"
臺北市中正區八德路一段82號,"正門:684公尺,後門:729公尺,側門:609公尺","25.0440299,121.5319945"
臺北市中正區濟南路二段53之8號,"正門:586公尺,後門:705公尺,側門:572公尺","25.0404674,121.5312025"
臺北市中正區南昌路一段77號,"正門:1482公尺,後門:1556公尺,側門:1587公尺","25.030664,121.517782"
臺北市中正區牯嶺街16號,"正門:1588公尺,後門:1647公尺,側門:1691公尺","25.0307379,121.5158518"
臺北市中正區連雲街74巷8號,"正門:923公尺,後門:1073公尺,側門:988公尺","25.0344164,121.5294898"
臺北市中正區中華路二段1號,"正門:1995公尺,後門:1965公尺,側門:2072公尺","25.0363705,121.5068203"
臺北市中正區重慶南路一段46巷2號,"正門:1321公尺,後門:1221公尺,側門:1354公尺","25.04445,121.512825"
臺北市中正區汀州路三段104巷11弄15號一樓,"正門:3274公尺,後門:3420公尺,側門:3351公尺","25.0134632,121.5337966"
臺北市中正區羅斯福路三段240巷1號,"正門:2688公尺,後門:2829公尺,側門:2769公尺","25.0181633,121.5303086"
臺北市中正區杭州南路一段143巷39號,"正門:722公尺,後門:867公尺,側門:802公尺","25.035619,121.5272604"
臺北市中正區汀州路三段219號,"正門:3205公尺,後門:3350公尺,側門:3281公尺","25.014113,121.533806"
台北市中正區館前路36號2樓,"正門:1120公尺,後門:1017公尺,側門:1150公尺","25.0444899,121.5148784"
臺北市中正區南昌路一段97號,"正門:1499公尺,後門:1576公尺,側門:1604公尺","25.0303372,121.5180524"
臺北市中正區漢口街一段110號4號樓之16,"正門:1515公尺,後門:1413公尺,側門:1547公尺","25.04502,121.51099"
臺北市中正區寧波西街92號,"正門:1697公尺,後門:1759公尺,側門:1801公尺","25.029729,121.5155252"
台北市中正區臨沂街6巷1號,"正門:495公尺,後門:572公尺,側門:440公尺","25.0425575,121.530477"
臺北市中正區寧波東街11之4號,"正門:1137公尺,後門:1220公尺,側門:1242公尺","25.0329709,121.5201967"
臺北市中正區南昌路二段161號,"正門:1827公尺,後門:1944公尺,側門:1925公尺","25.025739,121.522665"
臺北市中正區金山南路一段110巷4弄2號,"正門:780公尺,後門:923公尺,側門:863公尺","25.0350522,121.5271012"
臺北市中正區中華路一段55號2樓,"正門:1685公尺,後門:1604公尺,側門:1733公尺","25.0427074,121.5089386"
臺北市中正區臨沂街3巷13號,"正門:621公尺,後門:680公尺,側門:554公尺","25.0433369,121.5315796"
臺北市中正區寧波東街15號,"正門:1125公尺,後門:1208公尺,側門:1229公尺","25.0330688,121.5202574"
臺北市中正區北平西路3號2F,"正門:1137公尺,後門:1004公尺,側門:1136公尺","25.0473199,121.5160463"
臺北市中正區汀州路三段91號1樓,"正門:2738公尺,後門:2877公尺,側門:2823公尺","25.017517,121.52894"
台北市北平西路3號2樓,"正門:1084公尺,後門:946公尺,側門:1075公尺","25.0477467,121.5169983"
臺北市中正區齊東街70巷1號,"正門:229公尺,後門:330公尺,側門:196公尺","25.0420096,121.5278859"
台北市八德路一段82巷9弄19號,"正門:588公尺,後門:641公尺,側門:517公尺","25.0435216,121.5311795"
臺北市中正區臨沂街75號,"正門:809公尺,後門:957公尺,側門:884公尺","25.0350033,121.5280628"
臺北市中正區杭州南路二段48號,"正門:1289公尺,後門:1396公尺,側門:1390公尺","25.0307928,121.5221364"
臺北市中正區同安街12之1號,"正門:2296公尺,後門:2406公尺,側門:2396公尺","25.021842,121.520476"
臺北市大安區通化街20號,"正門:3086公尺,後門:3207公尺,側門:3073公尺","25.0319573,121.5541652"
臺北市中正區寧波西街26號,"正門:1415公尺,後門:1491公尺,側門:1520公尺","25.0310737,121.5183156"
臺北市中山區八德路二段323號,"正門:1862公尺,後門:1899公尺,側門:1786公尺","25.047504,121.54303"
台北市中正區汀州路二段113號,"正門:1970公尺,後門:2067公尺,側門:2073公尺","25.0253386,121.5188373"
臺北市中正區羅斯福路二段118號,"正門:1751公尺,後門:1867公尺,側門:1849公尺","25.0264297,121.5226946"
臺北市中正區羅斯福路二段132號,"正門:1788公尺,後門:1906公尺,側門:1886公尺","25.0260626,121.5228903"
臺北市中正區南陽街3號,"正門:1021公尺,後門:905公尺,側門:1039公尺","25.0452988,121.5162058"
臺北市中正區中華路二段75巷40號,"正門:2041公尺,後門:2037公尺,側門:2129公尺","25.0334342,121.5076858"
臺北市中正區林森南路61巷7號1樓,"正門:396公尺,後門:438公尺,側門:494公尺","25.0397827,121.5224845"
臺北市中正區金山南路一段81之1號,"正門:607公尺,後門:758公尺,側門:675公尺","25.0369574,121.5280955"
臺北市中正區汀州路三段243號,"正門:3241公尺,後門:3387公尺,側門:3317公尺","25.013865,121.53418"
臺北市中正區思源街16號2樓,"正門:3154公尺,後門:3290公尺,側門:3241公尺","25.0137039,121.5283471"
臺北市中正區忠孝西路一段36號B1,"正門:986公尺,後門:860公尺,側門:994公尺","25.0460142,121.516942"
臺北市中正區牯嶺街36號,"正門:1629公尺,後門:1697公尺,側門:1733公尺","25.0298718,121.516465"
台北市羅斯福路四段52巷16弄13號,"正門:3175公尺,後門:3320公尺,側門:3251公尺","25.0143994,121.5338453"
臺北市中正區寧波西街61號,"正門:1507公尺,後門:1577公尺,側門:1611公尺","25.0306719,121.51732"
臺北市中正區懷寧街17號之3,"正門:1213公尺,後門:1099公尺,側門:1233公尺","25.045626,121.5143097"
臺北市中正區中華路二段387號,"正門:2496公尺,後門:2534公尺,側門:2596公尺","25.0262731,121.5079028"
臺北市中正區忠孝東路二段3號,"正門:293公尺,後門:265公尺,側門:189公尺","25.0441368,121.5272051"
臺北市中正區南昌路一段96號二樓,"正門:1507公尺,後門:1579公尺,側門:1611公尺","25.0305087,121.5176042"
臺北市中正區中華路二段305巷7號,"正門:2491公尺,後門:2504公尺,側門:2585公尺","25.0292743,121.505251"
臺北市中正區青島東路23之11號,"正門:209公尺,後門:62公尺,側門:195公尺","25.0433945,121.5243221"
臺北市中正區牯嶺街45號,"正門:1612公尺,後門:1680公尺,側門:1716公尺","25.0299567,121.5166324"
臺北市中正區武昌街一段16巷6號,"正門:1330公尺,後門:1241公尺,側門:1371公尺","25.04356,121.512551"
